#
# There is insufficient memory for the Java Runtime Environment to continue.
# Native memory allocation (mmap) failed to map 311427072 bytes. Error detail: G1 virtual space
# Possible reasons:
#   The system is out of physical RAM or swap space
#   This process is running with CompressedOops enabled, and the Java Heap may be blocking the growth of the native heap
# Possible solutions:
#   Reduce memory load on the system
#   Increase physical memory or swap space
#   Check if swap backing store is full
#   Decrease Java heap size (-Xmx/-Xms)
#   Decrease number of Java threads
#   Decrease Java thread stack sizes (-Xss)
#   Set larger code cache with -XX:ReservedCodeCacheSize=
#   JVM is running with Unscaled Compressed Oops mode in which the Java heap is
#     placed in the first 4GB address space. The Java Heap base address is the
#     maximum limit for the native heap growth. Please use -XX:HeapBaseMinAddress
#     to set the Java Heap base and to place the Java Heap above 4GB virtual address.
# This output file may be truncated or incomplete.
#
#  Out of Memory Error (os_windows.cpp:3926), pid=20104, tid=7444
#
# JRE version: OpenJDK Runtime Environment (21.0.10) (build 21.0.10+-14961533-b1163.108)
# Java VM: OpenJDK 64-Bit Server VM (21.0.10+-14961533-b1163.108, mixed mode, tiered, compressed oops, compressed class ptrs, g1 gc, windows-amd64)
# No core dump will be written. Minidumps are not enabled by default on client versions of Windows
#

---------------  S U M M A R Y ------------

Command Line: --add-opens=java.base/java.lang=ALL-UNNAMED --add-opens=java.base/java.lang.invoke=ALL-UNNAMED --add-opens=java.base/java.util=ALL-UNNAMED --add-opens=java.prefs/java.util.prefs=ALL-UNNAMED --add-exports=jdk.compiler/com.sun.tools.javac.api=ALL-UNNAMED --add-exports=jdk.compiler/com.sun.tools.javac.util=ALL-UNNAMED --add-opens=java.base/java.util=ALL-UNNAMED --add-opens=java.prefs/java.util.prefs=ALL-UNNAMED --add-opens=java.base/java.nio.charset=ALL-UNNAMED --add-opens=java.base/java.net=ALL-UNNAMED --add-opens=java.base/java.util.concurrent=ALL-UNNAMED --add-opens=java.base/java.util.concurrent.atomic=ALL-UNNAMED --add-opens=java.xml/javax.xml.namespace=ALL-UNNAMED --add-opens=java.base/java.time=ALL-UNNAMED -Xmx2048m -Dfile.encoding=UTF-8 -Duser.country=US -Duser.language=en -Duser.variant -javaagent:C:\Users\MSI-PC\.gradle\wrapper\dists\gradle-9.1.0-bin\9agqghryom9wkf8r80qlhnts3\gradle-9.1.0\lib\agents\gradle-instrumentation-agent-9.1.0.jar org.gradle.launcher.daemon.bootstrap.GradleDaemon 9.1.0

Host: AMD Ryzen 5 7535HS with Radeon Graphics        , 12 cores, 7G,  Windows 11 , 64 bit Build 26100 (10.0.26100.8328)
Time: Sun May 31 19:03:44 2026 India Standard Time elapsed time: 15618.791277 seconds (0d 4h 20m 18s)

---------------  T H R E A D  ---------------

Current thread (0x00000162e66bdfa0):  VMThread "VM Thread"          [id=7444, stack(0x0000003b13900000,0x0000003b13a00000) (1024K)]

Stack: [0x0000003b13900000,0x0000003b13a00000]
Native frames: (J=compiled Java code, j=interpreted, Vv=VM code, C=native code)
V  [jvm.dll+0x6d78a9]
V  [jvm.dll+0x8665b3]
V  [jvm.dll+0x868bde]
V  [jvm.dll+0x8692c3]
V  [jvm.dll+0x280ee6]
V  [jvm.dll+0x6d4165]
V  [jvm.dll+0x6c77fa]
V  [jvm.dll+0x358f4b]
V  [jvm.dll+0x360bc6]
V  [jvm.dll+0x3b2ea6]
V  [jvm.dll+0x3b3178]
V  [jvm.dll+0x32b65c]
V  [jvm.dll+0x32b6e7]
V  [jvm.dll+0x3715cc]
V  [jvm.dll+0x36fd7e]
V  [jvm.dll+0x32adb1]
V  [jvm.dll+0x36f480]
V  [jvm.dll+0x86f048]
V  [jvm.dll+0x870394]
V  [jvm.dll+0x8708d0]
V  [jvm.dll+0x870b63]
V  [jvm.dll+0x80fd28]
V  [jvm.dll+0x6d60fd]
C  [ucrtbase.dll+0x37b0]
C  [KERNEL32.DLL+0x2e957]
C  [ntdll.dll+0x427c]

VM_Operation (0x0000003b1d9fd760): G1CollectForAllocation, mode: safepoint, requested by thread 0x00000162f1241240


---------------  P R O C E S S  ---------------

Threads class SMR info:
_java_thread_list=0x00000162eb67e0a0, length=193, elements={
0x00000162ceb717a0, 0x00000162e686cf50, 0x00000162e688cb90, 0x00000162e688e160,
0x00000162e689a0d0, 0x00000162e689ab30, 0x00000162e689c100, 0x00000162e68a56e0,
0x00000162e68a8c90, 0x00000162e68acc30, 0x00000162e6bcc190, 0x00000162ecec8df0,
0x00000162ebda87b0, 0x00000162ec5ff600, 0x00000162ec212b80, 0x00000162ec2117d0,
0x00000162ec211e60, 0x00000162eed88010, 0x00000162eed886a0, 0x00000162eed893c0,
0x00000162eed86c60, 0x00000162eed872f0, 0x00000162eed8a770, 0x00000162ee1d0680,
0x00000162ee1d0d10, 0x00000162eed29bd0, 0x00000162eed26750, 0x00000162eed2b610,
0x00000162ef305bf0, 0x00000162f179e0b0, 0x00000162f179cd00, 0x00000162f179ac30,
0x00000162f179e740, 0x00000162ee424ae0, 0x00000162ffdd5390, 0x00000162f1f893a0,
0x00000162ec1a71b0, 0x00000162f74521a0, 0x00000162f95eaff0, 0x00000162f95e95b0,
0x00000162f1f88d10, 0x00000162f1f8ade0, 0x00000162f1f8c190, 0x00000162f1f89a30,
0x00000162f1f8b470, 0x00000162ffdd6740, 0x00000162ffdd5a20, 0x00000162ffdd6dd0,
0x00000162ffdd7460, 0x00000162ffdd7af0, 0x00000162ffdd8810, 0x00000162ffdd60b0,
0x00000162f78ac050, 0x00000162f7452830, 0x00000162f7452ec0, 0x00000162f7454270,
0x00000162f7453550, 0x00000162f7453be0, 0x00000162f7450df0, 0x00000162f18ede70,
0x00000162f18ee500, 0x00000162f18eb080, 0x00000162f18eeb90, 0x00000162f18eb710,
0x00000162f18ef220, 0x00000162f18ebda0, 0x00000162f18ef8b0, 0x00000162f18ec430,
0x00000162f18f12f0, 0x00000162f18f05d0, 0x00000162ec1a8bf0, 0x00000162f18f1980,
0x00000162f18f33c0, 0x00000162f95e9c40, 0x00000162f18f2010, 0x00000162f18f26a0,
0x00000162f18f2d30, 0x00000162f18eff40, 0x00000162f18f3a50, 0x00000162f7454900,
0x00000162f7451480, 0x00000162f7454f90, 0x00000162f7451b10, 0x00000162f7458410,
0x00000162f7455620, 0x00000162f7457060, 0x00000162f7455cb0, 0x00000162f7456340,
0x00000162ff30fd10, 0x00000162ff3110c0, 0x00000162ff310a30, 0x00000162ff3103a0,
0x00000162f19d4b20, 0x00000162f19d51b0, 0x00000162f19d5840, 0x00000162f19d6bf0,
0x00000162f19d3770, 0x00000162f19d3e00, 0x00000162f19d5ed0, 0x00000162f19d4490,
0x00000162f8cb5d70, 0x00000162f8cb3ca0, 0x00000162f8cb4330, 0x00000162f8cb49c0,
0x00000162f8cb5050, 0x00000162f8cb56e0, 0x00000162f74569d0, 0x00000162ec1a6490,
0x00000162f7d36770, 0x00000162f7d34d30, 0x00000162f95ea2d0, 0x00000162f95ea960,
0x00000162f95eb680, 0x00000162f95ebd10, 0x00000162f95ec3a0, 0x00000162f7d353c0,
0x00000162f7d36e00, 0x00000162f7d35a50, 0x00000162f18ecac0, 0x00000162f78ab330,
0x00000162f109ad80, 0x00000162f8cb3610, 0x00000162f8cb6a90, 0x00000162ec1a9280,
0x00000162ec1a9910, 0x00000162ec1a7ed0, 0x00000162ec1a8560, 0x00000162f9df31a0,
0x00000162f9df4550, 0x00000162f9df4be0, 0x00000162ef03cbb0, 0x00000162ef039730,
0x00000162ef03b170, 0x00000162ef039dc0, 0x00000162ef03aae0, 0x00000162ef03b800,
0x00000162ef03a450, 0x00000162ffbc0e50, 0x00000162ffbc14e0, 0x00000162ffbc1b70,
0x00000162ffbc2200, 0x00000162f18f40e0, 0x00000162f18f0c60, 0x00000162f18f5b20,
0x00000162f18f4770, 0x00000162f18f61b0, 0x00000162f1240bb0, 0x00000162f109b410,
0x00000162f109baa0, 0x00000162f109c130, 0x00000162f109c7c0, 0x00000162f1099340,
0x00000162f10999d0, 0x00000162f109a060, 0x00000162f109a6f0, 0x00000162f9063870,
0x00000162f90617a0, 0x00000162f1241240, 0x00000162f9bf6370, 0x00000162f18f6840,
0x00000162f18f6ed0, 0x00000162f18f7560, 0x00000162f18f7bf0, 0x00000162f18f8280,
0x00000162f18f5490, 0x00000162f18f4e00, 0x00000162f18f8910, 0x00000162f18f9630,
0x00000162f18f8fa0, 0x00000162f8d50400, 0x00000162f18f9cc0, 0x00000162f18fa350,
0x00000162f8d50a90, 0x00000162f8d4f6e0, 0x00000162f8d4fd70, 0x00000162f8d51120,
0x00000162f8d517b0, 0x00000162f8d4f050, 0x00000162f8d4e330, 0x00000162ffbc35b0,
0x00000162ffbc2890, 0x00000162ffbc2f20, 0x00000162fa1033d0, 0x00000162fa103a60,
0x00000162fa104e10, 0x00000162fa102020, 0x00000162fa1026b0, 0x00000162f9bf4930,
0x00000162f9bf5650, 0x00000162ff311de0, 0x00000162ff312470, 0x00000162ffbc3c40,
0x00000162ffbc42d0
}

Java Threads: ( => current thread )
  0x00000162ceb717a0 JavaThread "main"                              [_thread_blocked, id=6908, stack(0x0000003b13200000,0x0000003b13300000) (1024K)]
  0x00000162e686cf50 JavaThread "Common-Cleaner"             daemon [_thread_blocked, id=14344, stack(0x0000003b13a00000,0x0000003b13b00000) (1024K)]
  0x00000162e688cb90 JavaThread "Reference Handler"          daemon [_thread_blocked, id=11804, stack(0x0000003b13b00000,0x0000003b13c00000) (1024K)]
  0x00000162e688e160 JavaThread "Finalizer"                  daemon [_thread_blocked, id=488, stack(0x0000003b13c00000,0x0000003b13d00000) (1024K)]
  0x00000162e689a0d0 JavaThread "Signal Dispatcher"          daemon [_thread_blocked, id=19440, stack(0x0000003b13d00000,0x0000003b13e00000) (1024K)]
  0x00000162e689ab30 JavaThread "Attach Listener"            daemon [_thread_blocked, id=12224, stack(0x0000003b13e00000,0x0000003b13f00000) (1024K)]
  0x00000162e689c100 JavaThread "Service Thread"             daemon [_thread_blocked, id=8176, stack(0x0000003b13f00000,0x0000003b14000000) (1024K)]
  0x00000162e68a56e0 JavaThread "Monitor Deflation Thread"   daemon [_thread_blocked, id=12604, stack(0x0000003b14000000,0x0000003b14100000) (1024K)]
  0x00000162e68a8c90 JavaThread "C2 CompilerThread0"         daemon [_thread_blocked, id=16344, stack(0x0000003b14100000,0x0000003b14200000) (1024K)]
  0x00000162e68acc30 JavaThread "C1 CompilerThread0"         daemon [_thread_blocked, id=14576, stack(0x0000003b14200000,0x0000003b14300000) (1024K)]
  0x00000162e6bcc190 JavaThread "Notification Thread"        daemon [_thread_blocked, id=10148, stack(0x0000003b14300000,0x0000003b14400000) (1024K)]
  0x00000162ecec8df0 JavaThread "Daemon health stats"               [_thread_blocked, id=11616, stack(0x0000003b14400000,0x0000003b14500000) (1024K)]
  0x00000162ebda87b0 JavaThread "Incoming local TCP Connector on port 51053"        [_thread_in_native, id=19760, stack(0x0000003b14f00000,0x0000003b15000000) (1024K)]
  0x00000162ec5ff600 JavaThread "Daemon periodic checks"            [_thread_blocked, id=2992, stack(0x0000003b15000000,0x0000003b15100000) (1024K)]
  0x00000162ec212b80 JavaThread "Cache worker for journal cache (C:\Users\MSI-PC\.gradle\caches\journal-1)"        [_thread_blocked, id=8264, stack(0x0000003b15a00000,0x0000003b15b00000) (1024K)]
  0x00000162ec2117d0 JavaThread "File lock request listener"        [_thread_in_native, id=2884, stack(0x0000003b15b00000,0x0000003b15c00000) (1024K)]
  0x00000162ec211e60 JavaThread "Cache worker for file hash cache (C:\Users\MSI-PC\.gradle\caches\9.1.0\fileHashes)"        [_thread_blocked, id=14904, stack(0x0000003b15c00000,0x0000003b15d00000) (1024K)]
  0x00000162eed88010 JavaThread "File watcher server"        daemon [_thread_blocked, id=18096, stack(0x0000003b16100000,0x0000003b16200000) (1024K)]
  0x00000162eed886a0 JavaThread "File watcher consumer"      daemon [_thread_blocked, id=23316, stack(0x0000003b16200000,0x0000003b16300000) (1024K)]
  0x00000162eed893c0 JavaThread "Cache worker for file content cache (C:\Users\MSI-PC\.gradle\caches\9.1.0\fileContent)"        [_thread_blocked, id=23392, stack(0x0000003b15d00000,0x0000003b15e00000) (1024K)]
  0x00000162eed86c60 JavaThread "jar transforms"                    [_thread_blocked, id=26656, stack(0x0000003b16500000,0x0000003b16600000) (1024K)]
  0x00000162eed872f0 JavaThread "jar transforms Thread 2"           [_thread_blocked, id=13440, stack(0x0000003b16600000,0x0000003b16700000) (1024K)]
  0x00000162eed8a770 JavaThread "jar transforms Thread 3"           [_thread_blocked, id=17916, stack(0x0000003b16800000,0x0000003b16900000) (1024K)]
  0x00000162ee1d0680 JavaThread "jar transforms Thread 4"           [_thread_blocked, id=26500, stack(0x0000003b17d00000,0x0000003b17e00000) (1024K)]
  0x00000162ee1d0d10 JavaThread "jar transforms Thread 5"           [_thread_blocked, id=18896, stack(0x0000003b17e00000,0x0000003b17f00000) (1024K)]
  0x00000162eed29bd0 JavaThread "jar transforms Thread 6"           [_thread_blocked, id=8360, stack(0x0000003b18900000,0x0000003b18a00000) (1024K)]
  0x00000162eed26750 JavaThread "jar transforms Thread 7"           [_thread_blocked, id=19012, stack(0x0000003b18a00000,0x0000003b18b00000) (1024K)]
  0x00000162eed2b610 JavaThread "jar transforms Thread 8"           [_thread_blocked, id=23576, stack(0x0000003b18b00000,0x0000003b18c00000) (1024K)]
  0x00000162ef305bf0 JavaThread "Memory manager"                    [_thread_blocked, id=9848, stack(0x0000003b1c300000,0x0000003b1c400000) (1024K)]
  0x00000162f179e0b0 JavaThread "RMI Scheduler(0)"           daemon [_thread_blocked, id=19484, stack(0x0000003b1f900000,0x0000003b1fa00000) (1024K)]
  0x00000162f179cd00 JavaThread "RMI GC Daemon"              daemon [_thread_blocked, id=13976, stack(0x0000003b1fb00000,0x0000003b1fc00000) (1024K)]
  0x00000162f179ac30 JavaThread "RMI TCP Accept-0"           daemon [_thread_in_native, id=24256, stack(0x0000003b1fc00000,0x0000003b1fd00000) (1024K)]
  0x00000162f179e740 JavaThread "RMI Reaper"                        [_thread_blocked, id=19824, stack(0x0000003b1fd00000,0x0000003b1fe00000) (1024K)]
  0x00000162ee424ae0 JavaThread "Cache worker for Java compile cache (C:\Users\MSI-PC\.gradle\caches\9.1.0\javaCompile)"        [_thread_blocked, id=15928, stack(0x0000003b15100000,0x0000003b15200000) (1024K)]
  0x00000162ffdd5390 JavaThread "RMI TCP Connection(172)-127.0.0.1" daemon [_thread_in_native, id=10484, stack(0x0000003b13000000,0x0000003b13100000) (1024K)]
  0x00000162f1f893a0 JavaThread "Daemon Thread 29"                  [_thread_blocked, id=23484, stack(0x0000003b12f00000,0x0000003b13000000) (1024K)]
  0x00000162ec1a71b0 JavaThread "Daemon worker Thread 29"           [_thread_blocked, id=11644, stack(0x0000003b15200000,0x0000003b15300000) (1024K)]
  0x00000162f74521a0 JavaThread "RMI TCP Connection(171)-127.0.0.1" daemon [_thread_in_native, id=12176, stack(0x0000003b1e800000,0x0000003b1e900000) (1024K)]
  0x00000162f95eaff0 JavaThread "Handler for socket connection from /127.0.0.1:51053 to /127.0.0.1:59618"        [_thread_in_native, id=2744, stack(0x0000003b13100000,0x0000003b13200000) (1024K)]
  0x00000162f95e95b0 JavaThread "Cancel handler"                    [_thread_blocked, id=10060, stack(0x0000003b14900000,0x0000003b14a00000) (1024K)]
  0x00000162f1f88d10 JavaThread "Asynchronous log dispatcher for DefaultDaemonConnection: socket connection from /127.0.0.1:51053 to /127.0.0.1:59618"        [_thread_blocked, id=20984, stack(0x0000003b15400000,0x0000003b15500000) (1024K)]
  0x00000162f1f8ade0 JavaThread "Stdin handler"                     [_thread_blocked, id=9048, stack(0x0000003b15500000,0x0000003b15600000) (1024K)]
  0x00000162f1f8c190 JavaThread "Daemon client event forwarder"        [_thread_blocked, id=24204, stack(0x0000003b15600000,0x0000003b15700000) (1024K)]
  0x00000162f1f89a30 JavaThread "Cache worker for file hash cache (C:\Users\MSI-PC\Downloads\FoodyVilla backoffice\FoodyVillaBackOffice\.gradle\9.1.0\fileHashes)"        [_thread_blocked, id=10260, stack(0x0000003b15700000,0x0000003b15800000) (1024K)]
  0x00000162f1f8b470 JavaThread "Cache worker for Build Output Cleanup Cache (C:\Users\MSI-PC\Downloads\FoodyVilla backoffice\FoodyVillaBackOffice\.gradle\buildOutputCleanup)"        [_thread_blocked, id=12824, stack(0x0000003b15e00000,0x0000003b15f00000) (1024K)]
  0x00000162ffdd6740 JavaThread "Cache worker for checksums cache (C:\Users\MSI-PC\Downloads\FoodyVilla backoffice\FoodyVillaBackOffice\.gradle\9.1.0\checksums)"        [_thread_blocked, id=11924, stack(0x0000003b15f00000,0x0000003b16000000) (1024K)]
  0x00000162ffdd5a20 JavaThread "Cache worker for cache directory md-supplier (C:\Users\MSI-PC\.gradle\caches\9.1.0\md-supplier)"        [_thread_blocked, id=19320, stack(0x0000003b16000000,0x0000003b16100000) (1024K)]
  0x00000162ffdd6dd0 JavaThread "Cache worker for cache directory md-rule (C:\Users\MSI-PC\.gradle\caches\9.1.0\md-rule)"        [_thread_blocked, id=13664, stack(0x0000003b16300000,0x0000003b16400000) (1024K)]
  0x00000162ffdd7460 JavaThread "Unconstrained build operations"        [_thread_blocked, id=13608, stack(0x0000003b16400000,0x0000003b16500000) (1024K)]
  0x00000162ffdd7af0 JavaThread "Unconstrained build operations Thread 2"        [_thread_blocked, id=26156, stack(0x0000003b16700000,0x0000003b16800000) (1024K)]
  0x00000162ffdd8810 JavaThread "Unconstrained build operations Thread 3"        [_thread_blocked, id=12024, stack(0x0000003b16900000,0x0000003b16a00000) (1024K)]
  0x00000162ffdd60b0 JavaThread "Unconstrained build operations Thread 4"        [_thread_blocked, id=23528, stack(0x0000003b16a00000,0x0000003b16b00000) (1024K)]
  0x00000162f78ac050 JavaThread "Unconstrained build operations Thread 5"        [_thread_blocked, id=4372, stack(0x0000003b16b00000,0x0000003b16c00000) (1024K)]
  0x00000162f7452830 JavaThread "Unconstrained build operations Thread 6"        [_thread_blocked, id=13632, stack(0x0000003b16c00000,0x0000003b16d00000) (1024K)]
  0x00000162f7452ec0 JavaThread "Unconstrained build operations Thread 7"        [_thread_blocked, id=26300, stack(0x0000003b16d00000,0x0000003b16e00000) (1024K)]
  0x00000162f7454270 JavaThread "Unconstrained build operations Thread 8"        [_thread_blocked, id=9300, stack(0x0000003b16e00000,0x0000003b16f00000) (1024K)]
  0x00000162f7453550 JavaThread "Unconstrained build operations Thread 9"        [_thread_blocked, id=16248, stack(0x0000003b16f00000,0x0000003b17000000) (1024K)]
  0x00000162f7453be0 JavaThread "Unconstrained build operations Thread 10"        [_thread_blocked, id=9776, stack(0x0000003b17000000,0x0000003b17100000) (1024K)]
  0x00000162f7450df0 JavaThread "Unconstrained build operations Thread 11"        [_thread_blocked, id=6116, stack(0x0000003b17100000,0x0000003b17200000) (1024K)]
  0x00000162f18ede70 JavaThread "Unconstrained build operations Thread 12"        [_thread_blocked, id=11748, stack(0x0000003b17200000,0x0000003b17300000) (1024K)]
  0x00000162f18ee500 JavaThread "Unconstrained build operations Thread 13"        [_thread_blocked, id=26936, stack(0x0000003b17300000,0x0000003b17400000) (1024K)]
  0x00000162f18eb080 JavaThread "Unconstrained build operations Thread 14"        [_thread_blocked, id=5924, stack(0x0000003b17400000,0x0000003b17500000) (1024K)]
  0x00000162f18eeb90 JavaThread "Unconstrained build operations Thread 15"        [_thread_blocked, id=25796, stack(0x0000003b17500000,0x0000003b17600000) (1024K)]
  0x00000162f18eb710 JavaThread "Unconstrained build operations Thread 16"        [_thread_blocked, id=6076, stack(0x0000003b17600000,0x0000003b17700000) (1024K)]
  0x00000162f18ef220 JavaThread "Unconstrained build operations Thread 17"        [_thread_blocked, id=12624, stack(0x0000003b17700000,0x0000003b17800000) (1024K)]
  0x00000162f18ebda0 JavaThread "Unconstrained build operations Thread 18"        [_thread_blocked, id=17780, stack(0x0000003b17800000,0x0000003b17900000) (1024K)]
  0x00000162f18ef8b0 JavaThread "Unconstrained build operations Thread 19"        [_thread_blocked, id=9212, stack(0x0000003b17900000,0x0000003b17a00000) (1024K)]
  0x00000162f18ec430 JavaThread "Unconstrained build operations Thread 20"        [_thread_blocked, id=12628, stack(0x0000003b17a00000,0x0000003b17b00000) (1024K)]
  0x00000162f18f12f0 JavaThread "Unconstrained build operations Thread 21"        [_thread_blocked, id=20940, stack(0x0000003b17b00000,0x0000003b17c00000) (1024K)]
  0x00000162f18f05d0 JavaThread "Unconstrained build operations Thread 22"        [_thread_blocked, id=408, stack(0x0000003b17c00000,0x0000003b17d00000) (1024K)]
  0x00000162ec1a8bf0 JavaThread "Unconstrained build operations Thread 23"        [_thread_blocked, id=8960, stack(0x0000003b17f00000,0x0000003b18000000) (1024K)]
  0x00000162f18f1980 JavaThread "Unconstrained build operations Thread 24"        [_thread_blocked, id=11228, stack(0x0000003b18000000,0x0000003b18100000) (1024K)]
  0x00000162f18f33c0 JavaThread "Unconstrained build operations Thread 25"        [_thread_blocked, id=12476, stack(0x0000003b18100000,0x0000003b18200000) (1024K)]
  0x00000162f95e9c40 JavaThread "Unconstrained build operations Thread 26"        [_thread_blocked, id=7832, stack(0x0000003b18200000,0x0000003b18300000) (1024K)]
  0x00000162f18f2010 JavaThread "Unconstrained build operations Thread 27"        [_thread_blocked, id=10664, stack(0x0000003b18300000,0x0000003b18400000) (1024K)]
  0x00000162f18f26a0 JavaThread "Unconstrained build operations Thread 28"        [_thread_blocked, id=8744, stack(0x0000003b18400000,0x0000003b18500000) (1024K)]
  0x00000162f18f2d30 JavaThread "Unconstrained build operations Thread 29"        [_thread_blocked, id=8916, stack(0x0000003b18500000,0x0000003b18600000) (1024K)]
  0x00000162f18eff40 JavaThread "Unconstrained build operations Thread 30"        [_thread_blocked, id=2336, stack(0x0000003b18600000,0x0000003b18700000) (1024K)]
  0x00000162f18f3a50 JavaThread "Unconstrained build operations Thread 31"        [_thread_blocked, id=4228, stack(0x0000003b18700000,0x0000003b18800000) (1024K)]
  0x00000162f7454900 JavaThread "Unconstrained build operations Thread 32"        [_thread_blocked, id=23556, stack(0x0000003b18800000,0x0000003b18900000) (1024K)]
  0x00000162f7451480 JavaThread "Unconstrained build operations Thread 33"        [_thread_blocked, id=21432, stack(0x0000003b18c00000,0x0000003b18d00000) (1024K)]
  0x00000162f7454f90 JavaThread "Unconstrained build operations Thread 34"        [_thread_blocked, id=2784, stack(0x0000003b18d00000,0x0000003b18e00000) (1024K)]
  0x00000162f7451b10 JavaThread "Unconstrained build operations Thread 35"        [_thread_blocked, id=15532, stack(0x0000003b18e00000,0x0000003b18f00000) (1024K)]
  0x00000162f7458410 JavaThread "Unconstrained build operations Thread 36"        [_thread_blocked, id=15168, stack(0x0000003b18f00000,0x0000003b19000000) (1024K)]
  0x00000162f7455620 JavaThread "Unconstrained build operations Thread 37"        [_thread_blocked, id=10308, stack(0x0000003b19000000,0x0000003b19100000) (1024K)]
  0x00000162f7457060 JavaThread "Unconstrained build operations Thread 38"        [_thread_blocked, id=12284, stack(0x0000003b19100000,0x0000003b19200000) (1024K)]
  0x00000162f7455cb0 JavaThread "Unconstrained build operations Thread 39"        [_thread_blocked, id=12376, stack(0x0000003b19200000,0x0000003b19300000) (1024K)]
  0x00000162f7456340 JavaThread "Unconstrained build operations Thread 40"        [_thread_blocked, id=22296, stack(0x0000003b19300000,0x0000003b19400000) (1024K)]
  0x00000162ff30fd10 JavaThread "Unconstrained build operations Thread 41"        [_thread_blocked, id=5468, stack(0x0000003b19400000,0x0000003b19500000) (1024K)]
  0x00000162ff3110c0 JavaThread "Unconstrained build operations Thread 42"        [_thread_blocked, id=24316, stack(0x0000003b19500000,0x0000003b19600000) (1024K)]
  0x00000162ff310a30 JavaThread "Unconstrained build operations Thread 43"        [_thread_blocked, id=11636, stack(0x0000003b19600000,0x0000003b19700000) (1024K)]
  0x00000162ff3103a0 JavaThread "Unconstrained build operations Thread 44"        [_thread_blocked, id=27156, stack(0x0000003b19700000,0x0000003b19800000) (1024K)]
  0x00000162f19d4b20 JavaThread "Unconstrained build operations Thread 45"        [_thread_blocked, id=11468, stack(0x0000003b19800000,0x0000003b19900000) (1024K)]
  0x00000162f19d51b0 JavaThread "Unconstrained build operations Thread 46"        [_thread_blocked, id=23432, stack(0x0000003b19900000,0x0000003b19a00000) (1024K)]
  0x00000162f19d5840 JavaThread "Unconstrained build operations Thread 47"        [_thread_blocked, id=27132, stack(0x0000003b19a00000,0x0000003b19b00000) (1024K)]
  0x00000162f19d6bf0 JavaThread "Unconstrained build operations Thread 48"        [_thread_blocked, id=9732, stack(0x0000003b19b00000,0x0000003b19c00000) (1024K)]
  0x00000162f19d3770 JavaThread "Unconstrained build operations Thread 49"        [_thread_blocked, id=6132, stack(0x0000003b19c00000,0x0000003b19d00000) (1024K)]
  0x00000162f19d3e00 JavaThread "Unconstrained build operations Thread 50"        [_thread_blocked, id=6656, stack(0x0000003b19d00000,0x0000003b19e00000) (1024K)]
  0x00000162f19d5ed0 JavaThread "Unconstrained build operations Thread 51"        [_thread_blocked, id=26176, stack(0x0000003b19e00000,0x0000003b19f00000) (1024K)]
  0x00000162f19d4490 JavaThread "Unconstrained build operations Thread 52"        [_thread_blocked, id=21368, stack(0x0000003b19f00000,0x0000003b1a000000) (1024K)]
  0x00000162f8cb5d70 JavaThread "Unconstrained build operations Thread 53"        [_thread_blocked, id=5424, stack(0x0000003b1a000000,0x0000003b1a100000) (1024K)]
  0x00000162f8cb3ca0 JavaThread "Unconstrained build operations Thread 54"        [_thread_blocked, id=21676, stack(0x0000003b1a100000,0x0000003b1a200000) (1024K)]
  0x00000162f8cb4330 JavaThread "Unconstrained build operations Thread 55"        [_thread_blocked, id=18324, stack(0x0000003b1a200000,0x0000003b1a300000) (1024K)]
  0x00000162f8cb49c0 JavaThread "Unconstrained build operations Thread 56"        [_thread_blocked, id=6264, stack(0x0000003b1a300000,0x0000003b1a400000) (1024K)]
  0x00000162f8cb5050 JavaThread "build event listener"              [_thread_blocked, id=17808, stack(0x0000003b1a400000,0x0000003b1a500000) (1024K)]
  0x00000162f8cb56e0 JavaThread "build event listener"              [_thread_blocked, id=7364, stack(0x0000003b1a500000,0x0000003b1a600000) (1024K)]
  0x00000162f74569d0 JavaThread "included builds"                   [_thread_blocked, id=4688, stack(0x0000003b15300000,0x0000003b15400000) (1024K)]
  0x00000162ec1a6490 JavaThread "Execution worker"                  [_thread_blocked, id=21168, stack(0x0000003b1a600000,0x0000003b1a700000) (1024K)]
  0x00000162f7d36770 JavaThread "Execution worker Thread 2"         [_thread_blocked, id=25276, stack(0x0000003b1a700000,0x0000003b1a800000) (1024K)]
  0x00000162f7d34d30 JavaThread "Execution worker Thread 3"         [_thread_blocked, id=15428, stack(0x0000003b1a800000,0x0000003b1a900000) (1024K)]
  0x00000162f95ea2d0 JavaThread "Execution worker Thread 4"         [_thread_blocked, id=3856, stack(0x0000003b1a900000,0x0000003b1aa00000) (1024K)]
  0x00000162f95ea960 JavaThread "Execution worker Thread 5"         [_thread_blocked, id=10744, stack(0x0000003b1aa00000,0x0000003b1ab00000) (1024K)]
  0x00000162f95eb680 JavaThread "Execution worker Thread 6"         [_thread_blocked, id=14952, stack(0x0000003b1ab00000,0x0000003b1ac00000) (1024K)]
  0x00000162f95ebd10 JavaThread "Execution worker Thread 7"         [_thread_blocked, id=18468, stack(0x0000003b1ac00000,0x0000003b1ad00000) (1024K)]
  0x00000162f95ec3a0 JavaThread "Execution worker Thread 8"         [_thread_blocked, id=19384, stack(0x0000003b1ad00000,0x0000003b1ae00000) (1024K)]
  0x00000162f7d353c0 JavaThread "Execution worker Thread 9"         [_thread_blocked, id=17012, stack(0x0000003b1ae00000,0x0000003b1af00000) (1024K)]
  0x00000162f7d36e00 JavaThread "Execution worker Thread 10"        [_thread_blocked, id=19784, stack(0x0000003b1af00000,0x0000003b1b000000) (1024K)]
  0x00000162f7d35a50 JavaThread "Execution worker Thread 11"        [_thread_blocked, id=25176, stack(0x0000003b1b000000,0x0000003b1b100000) (1024K)]
  0x00000162f18ecac0 JavaThread "Cache worker for execution history cache (C:\Users\MSI-PC\Downloads\FoodyVilla backoffice\FoodyVillaBackOffice\.gradle\9.1.0\executionHistory)"        [_thread_blocked, id=27584, stack(0x0000003b1b100000,0x0000003b1b200000) (1024K)]
  0x00000162f78ab330 JavaThread "Unconstrained build operations Thread 57"        [_thread_blocked, id=20444, stack(0x0000003b1b200000,0x0000003b1b300000) (1024K)]
  0x00000162f109ad80 JavaThread "Unconstrained build operations Thread 58"        [_thread_blocked, id=25564, stack(0x0000003b1b300000,0x0000003b1b400000) (1024K)]
  0x00000162f8cb3610 JavaThread "Unconstrained build operations Thread 59"        [_thread_blocked, id=9040, stack(0x0000003b1b400000,0x0000003b1b500000) (1024K)]
  0x00000162f8cb6a90 JavaThread "Unconstrained build operations Thread 60"        [_thread_blocked, id=22124, stack(0x0000003b1b500000,0x0000003b1b600000) (1024K)]
  0x00000162ec1a9280 JavaThread "Unconstrained build operations Thread 61"        [_thread_blocked, id=9496, stack(0x0000003b1b600000,0x0000003b1b700000) (1024K)]
  0x00000162ec1a9910 JavaThread "Unconstrained build operations Thread 62"        [_thread_blocked, id=10288, stack(0x0000003b1b700000,0x0000003b1b800000) (1024K)]
  0x00000162ec1a7ed0 JavaThread "Unconstrained build operations Thread 63"        [_thread_blocked, id=14284, stack(0x0000003b1b800000,0x0000003b1b900000) (1024K)]
  0x00000162ec1a8560 JavaThread "Unconstrained build operations Thread 64"        [_thread_blocked, id=4268, stack(0x0000003b1b900000,0x0000003b1ba00000) (1024K)]
  0x00000162f9df31a0 JavaThread "Unconstrained build operations Thread 65"        [_thread_blocked, id=24444, stack(0x0000003b1ba00000,0x0000003b1bb00000) (1024K)]
  0x00000162f9df4550 JavaThread "Unconstrained build operations Thread 66"        [_thread_blocked, id=6480, stack(0x0000003b1bb00000,0x0000003b1bc00000) (1024K)]
  0x00000162f9df4be0 JavaThread "Unconstrained build operations Thread 67"        [_thread_blocked, id=23768, stack(0x0000003b1bc00000,0x0000003b1bd00000) (1024K)]
  0x00000162ef03cbb0 JavaThread "Unconstrained build operations Thread 68"        [_thread_blocked, id=20232, stack(0x0000003b1bd00000,0x0000003b1be00000) (1024K)]
  0x00000162ef039730 JavaThread "Unconstrained build operations Thread 69"        [_thread_blocked, id=16468, stack(0x0000003b1be00000,0x0000003b1bf00000) (1024K)]
  0x00000162ef03b170 JavaThread "Unconstrained build operations Thread 70"        [_thread_blocked, id=25568, stack(0x0000003b1bf00000,0x0000003b1c000000) (1024K)]
  0x00000162ef039dc0 JavaThread "Unconstrained build operations Thread 71"        [_thread_blocked, id=19096, stack(0x0000003b1c000000,0x0000003b1c100000) (1024K)]
  0x00000162ef03aae0 JavaThread "Unconstrained build operations Thread 72"        [_thread_blocked, id=8308, stack(0x0000003b1c100000,0x0000003b1c200000) (1024K)]
  0x00000162ef03b800 JavaThread "Unconstrained build operations Thread 73"        [_thread_blocked, id=27220, stack(0x0000003b1c200000,0x0000003b1c300000) (1024K)]
  0x00000162ef03a450 JavaThread "Unconstrained build operations Thread 74"        [_thread_blocked, id=15344, stack(0x0000003b1c400000,0x0000003b1c500000) (1024K)]
  0x00000162ffbc0e50 JavaThread "Unconstrained build operations Thread 75"        [_thread_blocked, id=11216, stack(0x0000003b1c500000,0x0000003b1c600000) (1024K)]
  0x00000162ffbc14e0 JavaThread "Unconstrained build operations Thread 76"        [_thread_blocked, id=15232, stack(0x0000003b1c600000,0x0000003b1c700000) (1024K)]
  0x00000162ffbc1b70 JavaThread "Unconstrained build operations Thread 77"        [_thread_blocked, id=22900, stack(0x0000003b1c700000,0x0000003b1c800000) (1024K)]
  0x00000162ffbc2200 JavaThread "Unconstrained build operations Thread 78"        [_thread_blocked, id=15048, stack(0x0000003b1c800000,0x0000003b1c900000) (1024K)]
  0x00000162f18f40e0 JavaThread "Unconstrained build operations Thread 79"        [_thread_blocked, id=7820, stack(0x0000003b1c900000,0x0000003b1ca00000) (1024K)]
  0x00000162f18f0c60 JavaThread "Unconstrained build operations Thread 80"        [_thread_blocked, id=12128, stack(0x0000003b1ca00000,0x0000003b1cb00000) (1024K)]
  0x00000162f18f5b20 JavaThread "Unconstrained build operations Thread 81"        [_thread_blocked, id=26200, stack(0x0000003b1cb00000,0x0000003b1cc00000) (1024K)]
  0x00000162f18f4770 JavaThread "Unconstrained build operations Thread 82"        [_thread_blocked, id=1992, stack(0x0000003b1cc00000,0x0000003b1cd00000) (1024K)]
  0x00000162f18f61b0 JavaThread "Unconstrained build operations Thread 83"        [_thread_blocked, id=20848, stack(0x0000003b1cd00000,0x0000003b1ce00000) (1024K)]
  0x00000162f1240bb0 JavaThread "Unconstrained build operations Thread 84"        [_thread_blocked, id=23656, stack(0x0000003b1ce00000,0x0000003b1cf00000) (1024K)]
  0x00000162f109b410 JavaThread "Unconstrained build operations Thread 85"        [_thread_blocked, id=14104, stack(0x0000003b1cf00000,0x0000003b1d000000) (1024K)]
  0x00000162f109baa0 JavaThread "Unconstrained build operations Thread 86"        [_thread_blocked, id=14712, stack(0x0000003b1d000000,0x0000003b1d100000) (1024K)]
  0x00000162f109c130 JavaThread "Unconstrained build operations Thread 87"        [_thread_blocked, id=23532, stack(0x0000003b1d100000,0x0000003b1d200000) (1024K)]
  0x00000162f109c7c0 JavaThread "Unconstrained build operations Thread 88"        [_thread_blocked, id=7704, stack(0x0000003b1d200000,0x0000003b1d300000) (1024K)]
  0x00000162f1099340 JavaThread "Unconstrained build operations Thread 89"        [_thread_blocked, id=22440, stack(0x0000003b1d300000,0x0000003b1d400000) (1024K)]
  0x00000162f10999d0 JavaThread "Unconstrained build operations Thread 90"        [_thread_blocked, id=24352, stack(0x0000003b1d400000,0x0000003b1d500000) (1024K)]
  0x00000162f109a060 JavaThread "Unconstrained build operations Thread 91"        [_thread_blocked, id=20952, stack(0x0000003b1d500000,0x0000003b1d600000) (1024K)]
  0x00000162f109a6f0 JavaThread "Unconstrained build operations Thread 92"        [_thread_blocked, id=3192, stack(0x0000003b1d600000,0x0000003b1d700000) (1024K)]
  0x00000162f9063870 JavaThread "Unconstrained build operations Thread 93"        [_thread_blocked, id=23104, stack(0x0000003b1d700000,0x0000003b1d800000) (1024K)]
  0x00000162f90617a0 JavaThread "Unconstrained build operations Thread 94"        [_thread_blocked, id=8168, stack(0x0000003b1d800000,0x0000003b1d900000) (1024K)]
  0x00000162f1241240 JavaThread "WorkerExecutor Queue"              [_thread_blocked, id=18460, stack(0x0000003b1d900000,0x0000003b1da00000) (1024K)]
  0x00000162f9bf6370 JavaThread "Unconstrained build operations Thread 95"        [_thread_blocked, id=18372, stack(0x0000003b1da00000,0x0000003b1db00000) (1024K)]
  0x00000162f18f6840 JavaThread "Unconstrained build operations Thread 96"        [_thread_blocked, id=6500, stack(0x0000003b1db00000,0x0000003b1dc00000) (1024K)]
  0x00000162f18f6ed0 JavaThread "Unconstrained build operations Thread 97"        [_thread_blocked, id=26264, stack(0x0000003b1dc00000,0x0000003b1dd00000) (1024K)]
  0x00000162f18f7560 JavaThread "Unconstrained build operations Thread 98"        [_thread_blocked, id=24324, stack(0x0000003b1dd00000,0x0000003b1de00000) (1024K)]
  0x00000162f18f7bf0 JavaThread "Unconstrained build operations Thread 99"        [_thread_blocked, id=10780, stack(0x0000003b1de00000,0x0000003b1df00000) (1024K)]
  0x00000162f18f8280 JavaThread "Unconstrained build operations Thread 100"        [_thread_blocked, id=1496, stack(0x0000003b1df00000,0x0000003b1e000000) (1024K)]
  0x00000162f18f5490 JavaThread "Unconstrained build operations Thread 101"        [_thread_blocked, id=13776, stack(0x0000003b1e000000,0x0000003b1e100000) (1024K)]
  0x00000162f18f4e00 JavaThread "Unconstrained build operations Thread 102"        [_thread_blocked, id=11720, stack(0x0000003b1e100000,0x0000003b1e200000) (1024K)]
  0x00000162f18f8910 JavaThread "Unconstrained build operations Thread 103"        [_thread_blocked, id=24012, stack(0x0000003b1e200000,0x0000003b1e300000) (1024K)]
  0x00000162f18f9630 JavaThread "Unconstrained build operations Thread 104"        [_thread_blocked, id=24632, stack(0x0000003b1e300000,0x0000003b1e400000) (1024K)]
  0x00000162f18f8fa0 JavaThread "Unconstrained build operations Thread 105"        [_thread_blocked, id=16464, stack(0x0000003b1e500000,0x0000003b1e600000) (1024K)]
  0x00000162f8d50400 JavaThread "Unconstrained build operations Thread 106"        [_thread_blocked, id=8140, stack(0x0000003b1e700000,0x0000003b1e800000) (1024K)]
  0x00000162f18f9cc0 JavaThread "Build operations"                  [_thread_blocked, id=21340, stack(0x0000003b1e900000,0x0000003b1ea00000) (1024K)]
  0x00000162f18fa350 JavaThread "Build operations Thread 2"         [_thread_blocked, id=3488, stack(0x0000003b1ea00000,0x0000003b1eb00000) (1024K)]
  0x00000162f8d50a90 JavaThread "Build operations Thread 3"         [_thread_blocked, id=24456, stack(0x0000003b1eb00000,0x0000003b1ec00000) (1024K)]
  0x00000162f8d4f6e0 JavaThread "Build operations Thread 4"         [_thread_blocked, id=12344, stack(0x0000003b1ec00000,0x0000003b1ed00000) (1024K)]
  0x00000162f8d4fd70 JavaThread "Build operations Thread 5"         [_thread_blocked, id=9564, stack(0x0000003b1ed00000,0x0000003b1ee00000) (1024K)]
  0x00000162f8d51120 JavaThread "Build operations Thread 6"         [_thread_blocked, id=22476, stack(0x0000003b1ee00000,0x0000003b1ef00000) (1024K)]
  0x00000162f8d517b0 JavaThread "Build operations Thread 7"         [_thread_blocked, id=24348, stack(0x0000003b1ef00000,0x0000003b1f000000) (1024K)]
  0x00000162f8d4f050 JavaThread "Build operations Thread 8"         [_thread_blocked, id=19376, stack(0x0000003b1f000000,0x0000003b1f100000) (1024K)]
  0x00000162f8d4e330 JavaThread "Build operations Thread 9"         [_thread_blocked, id=5396, stack(0x0000003b1f100000,0x0000003b1f200000) (1024K)]
  0x00000162ffbc35b0 JavaThread "Build operations Thread 10"        [_thread_blocked, id=26832, stack(0x0000003b1f200000,0x0000003b1f300000) (1024K)]
  0x00000162ffbc2890 JavaThread "Build operations Thread 11"        [_thread_blocked, id=9096, stack(0x0000003b1f300000,0x0000003b1f400000) (1024K)]
  0x00000162ffbc2f20 JavaThread "WorkerExecutor Queue Thread 2"        [_thread_blocked, id=5428, stack(0x0000003b1f400000,0x0000003b1f500000) (1024K)]
  0x00000162fa1033d0 JavaThread "WorkerExecutor Queue Thread 3"        [_thread_blocked, id=8460, stack(0x0000003b1f500000,0x0000003b1f600000) (1024K)]
  0x00000162fa103a60 JavaThread "WorkerExecutor Queue Thread 4"        [_thread_blocked, id=6728, stack(0x0000003b1f600000,0x0000003b1f700000) (1024K)]
  0x00000162fa104e10 JavaThread "WorkerExecutor Queue Thread 5"        [_thread_blocked, id=9940, stack(0x0000003b1f700000,0x0000003b1f800000) (1024K)]
  0x00000162fa102020 JavaThread "WorkerExecutor Queue Thread 6"        [_thread_blocked, id=13784, stack(0x0000003b1f800000,0x0000003b1f900000) (1024K)]
  0x00000162fa1026b0 JavaThread "WorkerExecutor Queue Thread 7"        [_thread_blocked, id=27184, stack(0x0000003b1fa00000,0x0000003b1fb00000) (1024K)]
  0x00000162f9bf4930 JavaThread "WorkerExecutor Queue Thread 8"        [_thread_blocked, id=17912, stack(0x0000003b1fe00000,0x0000003b1ff00000) (1024K)]
  0x00000162f9bf5650 JavaThread "WorkerExecutor Queue Thread 9"        [_thread_blocked, id=8304, stack(0x0000003b1ff00000,0x0000003b20000000) (1024K)]
  0x00000162ff311de0 JavaThread "WorkerExecutor Queue Thread 10"        [_thread_blocked, id=12828, stack(0x0000003b20000000,0x0000003b20100000) (1024K)]
  0x00000162ff312470 JavaThread "WorkerExecutor Queue Thread 11"        [_thread_blocked, id=26328, stack(0x0000003b20100000,0x0000003b20200000) (1024K)]
  0x00000162ffbc3c40 JavaThread "WorkerExecutor Queue Thread 12"        [_thread_blocked, id=10660, stack(0x0000003b20200000,0x0000003b20300000) (1024K)]
  0x00000162ffbc42d0 JavaThread "WorkerExecutor Queue Thread 13"        [_thread_blocked, id=26340, stack(0x0000003b20300000,0x0000003b20400000) (1024K)]
Total: 193

Other Threads:
=>0x00000162e66bdfa0 VMThread "VM Thread"                           [id=7444, stack(0x0000003b13900000,0x0000003b13a00000) (1024K)]
  0x00000162e665e570 WatcherThread "VM Periodic Task Thread"        [id=2976, stack(0x0000003b13800000,0x0000003b13900000) (1024K)]
  0x00000162cc86e010 WorkerThread "GC Thread#0"                     [id=8196, stack(0x0000003b13300000,0x0000003b13400000) (1024K)]
  0x00000162eb493660 WorkerThread "GC Thread#1"                     [id=11108, stack(0x0000003b14500000,0x0000003b14600000) (1024K)]
  0x00000162eb26aa50 WorkerThread "GC Thread#2"                     [id=27360, stack(0x0000003b14600000,0x0000003b14700000) (1024K)]
  0x00000162ebebb280 WorkerThread "GC Thread#3"                     [id=16692, stack(0x0000003b14700000,0x0000003b14800000) (1024K)]
  0x00000162ebebe6a0 WorkerThread "GC Thread#4"                     [id=15036, stack(0x0000003b14800000,0x0000003b14900000) (1024K)]
  0x00000162ec0cb9a0 WorkerThread "GC Thread#5"                     [id=24284, stack(0x0000003b14a00000,0x0000003b14b00000) (1024K)]
  0x00000162eb39ee40 WorkerThread "GC Thread#6"                     [id=10768, stack(0x0000003b14b00000,0x0000003b14c00000) (1024K)]
  0x00000162eb39f1f0 WorkerThread "GC Thread#7"                     [id=1680, stack(0x0000003b14c00000,0x0000003b14d00000) (1024K)]
  0x00000162eb39f5a0 WorkerThread "GC Thread#8"                     [id=22192, stack(0x0000003b14d00000,0x0000003b14e00000) (1024K)]
  0x00000162e6a6f530 WorkerThread "GC Thread#9"                     [id=19288, stack(0x0000003b14e00000,0x0000003b14f00000) (1024K)]
  0x00000162cebd6a50 ConcurrentGCThread "G1 Main Marker"            [id=24536, stack(0x0000003b13400000,0x0000003b13500000) (1024K)]
  0x00000162cebd82b0 WorkerThread "G1 Conc#0"                       [id=17796, stack(0x0000003b13500000,0x0000003b13600000) (1024K)]
  0x00000162e6a703f0 WorkerThread "G1 Conc#1"                       [id=22944, stack(0x0000003b15800000,0x0000003b15900000) (1024K)]
  0x00000162e6a6f180 WorkerThread "G1 Conc#2"                       [id=13072, stack(0x0000003b15900000,0x0000003b15a00000) (1024K)]
  0x00000162e6532580 ConcurrentGCThread "G1 Refine#0"               [id=10556, stack(0x0000003b13600000,0x0000003b13700000) (1024K)]
  0x00000162f7ce5480 ConcurrentGCThread "G1 Refine#1"               [id=23124, stack(0x0000003b1e400000,0x0000003b1e500000) (1024K)]
  0x00000162e6533010 ConcurrentGCThread "G1 Service"                [id=14276, stack(0x0000003b13700000,0x0000003b13800000) (1024K)]
Total: 19

Threads with active compile tasks:
C2 CompilerThread0  15618866 86803 %     4       com.google.common.collect.RegularImmutableMap::fromEntryArrayCheckingBucketOverflow @ 48 (282 bytes)
Total: 1

VM state: at safepoint (normal execution)

VM Mutex/Monitor currently owned by a thread:  ([mutex/lock_event])
[0x00007ffc9d6b86d0] Threads_lock - owner thread: 0x00000162e66bdfa0
[0x00007ffc9d6b87d0] Heap_lock - owner thread: 0x00000162f1241240

Heap address: 0x0000000080000000, size: 2048 MB, Compressed Oops mode: 32-bit

CDS archive(s) not mapped
Compressed class space mapped at: 0x0000000100000000-0x0000000140000000, reserved size: 1073741824
Narrow klass base: 0x0000000000000000, Narrow klass shift: 3, Narrow klass range: 0x140000000

GC Precious Log:
 CardTable entry size: 512
 Card Set container configuration: InlinePtr #cards 5 size 8 Array Of Cards #cards 12 size 40 Howl #buckets 4 coarsen threshold 1843 Howl Bitmap #cards 512 size 80 coarsen threshold 460 Card regions per heap region 1 cards per card region 2048
 CPUs: 12 total, 12 available
 Memory: 7379M
 Large Page Support: Disabled
 NUMA Support: Disabled
 Compressed Oops: Enabled (32-bit)
 Heap Region Size: 1M
 Heap Min Capacity: 8M
 Heap Initial Capacity: 116M
 Heap Max Capacity: 2G
 Pre-touch: Disabled
 Parallel Workers: 10
 Concurrent Workers: 3
 Concurrent Refinement Workers: 10
 Periodic GC: Disabled

Heap:
 garbage-first heap   total 714752K, used 280848K [0x0000000080000000, 0x0000000100000000)
  region size 1024K, 19 young (19456K), 19 survivors (19456K)
 Metaspace       used 161342K, committed 163904K, reserved 1245184K
  class space    used 21801K, committed 23552K, reserved 1048576K

Heap Regions: E=young(eden), S=young(survivor), O=old, HS=humongous(starts), HC=humongous(continues), CS=collection set, F=free, TAMS=top-at-mark-start, PB=parsable bottom
|   0|0x0000000080000000, 0x0000000080100000, 0x0000000080100000|100%|HS|  |TAMS 0x0000000080100000| PB 0x0000000080000000| Complete 
|   1|0x0000000080100000, 0x0000000080200000, 0x0000000080200000|100%|HC|  |TAMS 0x0000000080200000| PB 0x0000000080100000| Complete 
|   2|0x0000000080200000, 0x0000000080300000, 0x0000000080300000|100%|HC|  |TAMS 0x0000000080300000| PB 0x0000000080200000| Complete 
|   3|0x0000000080300000, 0x0000000080400000, 0x0000000080400000|100%| O|  |TAMS 0x0000000080400000| PB 0x0000000080300000| Untracked 
|   4|0x0000000080400000, 0x0000000080500000, 0x0000000080500000|100%| O|  |TAMS 0x0000000080500000| PB 0x0000000080400000| Untracked 
|   5|0x0000000080500000, 0x0000000080600000, 0x0000000080600000|100%| O|  |TAMS 0x0000000080600000| PB 0x0000000080500000| Untracked 
|   6|0x0000000080600000, 0x0000000080700000, 0x0000000080700000|100%|HS|  |TAMS 0x0000000080700000| PB 0x0000000080600000| Complete 
|   7|0x0000000080700000, 0x0000000080800000, 0x0000000080800000|100%| O|  |TAMS 0x0000000080800000| PB 0x0000000080700000| Untracked 
|   8|0x0000000080800000, 0x0000000080900000, 0x0000000080900000|100%| O|  |TAMS 0x0000000080900000| PB 0x0000000080800000| Untracked 
|   9|0x0000000080900000, 0x0000000080a00000, 0x0000000080a00000|100%| O|  |TAMS 0x0000000080a00000| PB 0x0000000080900000| Untracked 
|  10|0x0000000080a00000, 0x0000000080b00000, 0x0000000080b00000|100%| O|  |TAMS 0x0000000080b00000| PB 0x0000000080a00000| Untracked 
|  11|0x0000000080b00000, 0x0000000080c00000, 0x0000000080c00000|100%| O|  |TAMS 0x0000000080c00000| PB 0x0000000080b00000| Untracked 
|  12|0x0000000080c00000, 0x0000000080d00000, 0x0000000080d00000|100%| O|  |TAMS 0x0000000080d00000| PB 0x0000000080c00000| Untracked 
|  13|0x0000000080d00000, 0x0000000080e00000, 0x0000000080e00000|100%| O|  |TAMS 0x0000000080e00000| PB 0x0000000080d00000| Untracked 
|  14|0x0000000080e00000, 0x0000000080f00000, 0x0000000080f00000|100%| O|  |TAMS 0x0000000080f00000| PB 0x0000000080e00000| Untracked 
|  15|0x0000000080f00000, 0x0000000081000000, 0x0000000081000000|100%| O|  |TAMS 0x0000000081000000| PB 0x0000000080f00000| Untracked 
|  16|0x0000000081000000, 0x0000000081100000, 0x0000000081100000|100%| O|  |TAMS 0x0000000081100000| PB 0x0000000081000000| Untracked 
|  17|0x0000000081100000, 0x0000000081200000, 0x0000000081200000|100%| O|  |TAMS 0x0000000081200000| PB 0x0000000081100000| Untracked 
|  18|0x0000000081200000, 0x0000000081300000, 0x0000000081300000|100%| O|  |TAMS 0x0000000081300000| PB 0x0000000081200000| Untracked 
|  19|0x0000000081300000, 0x0000000081400000, 0x0000000081400000|100%| O|  |TAMS 0x0000000081400000| PB 0x0000000081300000| Untracked 
|  20|0x0000000081400000, 0x0000000081500000, 0x0000000081500000|100%| O|  |TAMS 0x0000000081500000| PB 0x0000000081400000| Untracked 
|  21|0x0000000081500000, 0x0000000081600000, 0x0000000081600000|100%| O|  |TAMS 0x0000000081600000| PB 0x0000000081500000| Untracked 
|  22|0x0000000081600000, 0x0000000081700000, 0x0000000081700000|100%| O|  |TAMS 0x0000000081700000| PB 0x0000000081600000| Untracked 
|  23|0x0000000081700000, 0x0000000081800000, 0x0000000081800000|100%| O|  |TAMS 0x0000000081800000| PB 0x0000000081700000| Untracked 
|  24|0x0000000081800000, 0x0000000081900000, 0x0000000081900000|100%| O|  |TAMS 0x0000000081900000| PB 0x0000000081800000| Untracked 
|  25|0x0000000081900000, 0x0000000081a00000, 0x0000000081a00000|100%| O|  |TAMS 0x0000000081a00000| PB 0x0000000081900000| Untracked 
|  26|0x0000000081a00000, 0x0000000081b00000, 0x0000000081b00000|100%| O|  |TAMS 0x0000000081b00000| PB 0x0000000081a00000| Untracked 
|  27|0x0000000081b00000, 0x0000000081c00000, 0x0000000081c00000|100%| O|  |TAMS 0x0000000081c00000| PB 0x0000000081b00000| Untracked 
|  28|0x0000000081c00000, 0x0000000081d00000, 0x0000000081d00000|100%| O|  |TAMS 0x0000000081d00000| PB 0x0000000081c00000| Untracked 
|  29|0x0000000081d00000, 0x0000000081e00000, 0x0000000081e00000|100%| O|  |TAMS 0x0000000081e00000| PB 0x0000000081d00000| Untracked 
|  30|0x0000000081e00000, 0x0000000081f00000, 0x0000000081f00000|100%| O|  |TAMS 0x0000000081f00000| PB 0x0000000081e00000| Untracked 
|  31|0x0000000081f00000, 0x0000000082000000, 0x0000000082000000|100%| O|  |TAMS 0x0000000082000000| PB 0x0000000081f00000| Untracked 
|  32|0x0000000082000000, 0x0000000082100000, 0x0000000082100000|100%| O|  |TAMS 0x0000000082100000| PB 0x0000000082000000| Untracked 
|  33|0x0000000082100000, 0x0000000082200000, 0x0000000082200000|100%| O|  |TAMS 0x0000000082200000| PB 0x0000000082100000| Untracked 
|  34|0x0000000082200000, 0x0000000082300000, 0x0000000082300000|100%| O|  |TAMS 0x0000000082300000| PB 0x0000000082200000| Untracked 
|  35|0x0000000082300000, 0x0000000082400000, 0x0000000082400000|100%|HS|  |TAMS 0x0000000082400000| PB 0x0000000082300000| Complete 
|  36|0x0000000082400000, 0x0000000082500000, 0x0000000082500000|100%|HC|  |TAMS 0x0000000082500000| PB 0x0000000082400000| Complete 
|  37|0x0000000082500000, 0x0000000082600000, 0x0000000082600000|100%| O|  |TAMS 0x0000000082600000| PB 0x0000000082500000| Untracked 
|  38|0x0000000082600000, 0x0000000082700000, 0x0000000082700000|100%| O|  |TAMS 0x0000000082700000| PB 0x0000000082600000| Untracked 
|  39|0x0000000082700000, 0x0000000082800000, 0x0000000082800000|100%| O|  |TAMS 0x0000000082800000| PB 0x0000000082700000| Untracked 
|  40|0x0000000082800000, 0x0000000082900000, 0x0000000082900000|100%| O|  |TAMS 0x0000000082900000| PB 0x0000000082800000| Untracked 
|  41|0x0000000082900000, 0x0000000082a00000, 0x0000000082a00000|100%| O|  |TAMS 0x0000000082a00000| PB 0x0000000082900000| Untracked 
|  42|0x0000000082a00000, 0x0000000082b00000, 0x0000000082b00000|100%| O|  |TAMS 0x0000000082b00000| PB 0x0000000082a00000| Untracked 
|  43|0x0000000082b00000, 0x0000000082c00000, 0x0000000082c00000|100%| O|  |TAMS 0x0000000082c00000| PB 0x0000000082b00000| Untracked 
|  44|0x0000000082c00000, 0x0000000082d00000, 0x0000000082d00000|100%| O|  |TAMS 0x0000000082d00000| PB 0x0000000082c00000| Untracked 
|  45|0x0000000082d00000, 0x0000000082e00000, 0x0000000082e00000|100%| O|  |TAMS 0x0000000082e00000| PB 0x0000000082d00000| Untracked 
|  46|0x0000000082e00000, 0x0000000082f00000, 0x0000000082f00000|100%| O|  |TAMS 0x0000000082f00000| PB 0x0000000082e00000| Untracked 
|  47|0x0000000082f00000, 0x0000000083000000, 0x0000000083000000|100%|HS|  |TAMS 0x0000000083000000| PB 0x0000000082f00000| Complete 
|  48|0x0000000083000000, 0x0000000083100000, 0x0000000083100000|100%| O|  |TAMS 0x0000000083100000| PB 0x0000000083000000| Untracked 
|  49|0x0000000083100000, 0x0000000083200000, 0x0000000083200000|100%| O|  |TAMS 0x0000000083200000| PB 0x0000000083100000| Untracked 
|  50|0x0000000083200000, 0x0000000083300000, 0x0000000083300000|100%|HS|  |TAMS 0x0000000083300000| PB 0x0000000083200000| Complete 
|  51|0x0000000083300000, 0x0000000083400000, 0x0000000083400000|100%| O|  |TAMS 0x0000000083400000| PB 0x0000000083300000| Untracked 
|  52|0x0000000083400000, 0x0000000083500000, 0x0000000083500000|100%| O|  |TAMS 0x0000000083500000| PB 0x0000000083400000| Untracked 
|  53|0x0000000083500000, 0x0000000083600000, 0x0000000083600000|100%| O|  |TAMS 0x0000000083600000| PB 0x0000000083500000| Untracked 
|  54|0x0000000083600000, 0x0000000083700000, 0x0000000083700000|100%|HS|  |TAMS 0x0000000083700000| PB 0x0000000083600000| Complete 
|  55|0x0000000083700000, 0x0000000083800000, 0x0000000083800000|100%| O|  |TAMS 0x0000000083800000| PB 0x0000000083700000| Untracked 
|  56|0x0000000083800000, 0x0000000083900000, 0x0000000083900000|100%| O|  |TAMS 0x0000000083900000| PB 0x0000000083800000| Untracked 
|  57|0x0000000083900000, 0x0000000083a00000, 0x0000000083a00000|100%| O|  |TAMS 0x0000000083a00000| PB 0x0000000083900000| Untracked 
|  58|0x0000000083a00000, 0x0000000083b00000, 0x0000000083b00000|100%|HS|  |TAMS 0x0000000083b00000| PB 0x0000000083a00000| Complete 
|  59|0x0000000083b00000, 0x0000000083c00000, 0x0000000083c00000|100%| O|  |TAMS 0x0000000083c00000| PB 0x0000000083b00000| Untracked 
|  60|0x0000000083c00000, 0x0000000083d00000, 0x0000000083d00000|100%| O|  |TAMS 0x0000000083d00000| PB 0x0000000083c00000| Untracked 
|  61|0x0000000083d00000, 0x0000000083e00000, 0x0000000083e00000|100%| O|  |TAMS 0x0000000083e00000| PB 0x0000000083d00000| Untracked 
|  62|0x0000000083e00000, 0x0000000083f00000, 0x0000000083f00000|100%|HS|  |TAMS 0x0000000083f00000| PB 0x0000000083e00000| Complete 
|  63|0x0000000083f00000, 0x0000000084000000, 0x0000000084000000|100%|HC|  |TAMS 0x0000000084000000| PB 0x0000000083f00000| Complete 
|  64|0x0000000084000000, 0x0000000084100000, 0x0000000084100000|100%| O|  |TAMS 0x0000000084100000| PB 0x0000000084000000| Untracked 
|  65|0x0000000084100000, 0x0000000084200000, 0x0000000084200000|100%|HS|  |TAMS 0x0000000084200000| PB 0x0000000084100000| Complete 
|  66|0x0000000084200000, 0x0000000084300000, 0x0000000084300000|100%|HS|  |TAMS 0x0000000084300000| PB 0x0000000084200000| Complete 
|  67|0x0000000084300000, 0x0000000084400000, 0x0000000084400000|100%| O|  |TAMS 0x0000000084400000| PB 0x0000000084300000| Untracked 
|  68|0x0000000084400000, 0x0000000084400000, 0x0000000084500000|  0%| F|  |TAMS 0x0000000084400000| PB 0x0000000084400000| Untracked 
|  69|0x0000000084500000, 0x0000000084600000, 0x0000000084600000|100%|HS|  |TAMS 0x0000000084600000| PB 0x0000000084500000| Complete 
|  70|0x0000000084600000, 0x0000000084700000, 0x0000000084700000|100%| O|  |TAMS 0x0000000084700000| PB 0x0000000084600000| Untracked 
|  71|0x0000000084700000, 0x0000000084800000, 0x0000000084800000|100%| O|  |TAMS 0x0000000084800000| PB 0x0000000084700000| Untracked 
|  72|0x0000000084800000, 0x0000000084900000, 0x0000000084900000|100%| O|  |TAMS 0x0000000084900000| PB 0x0000000084800000| Untracked 
|  73|0x0000000084900000, 0x0000000084a00000, 0x0000000084a00000|100%| O|  |TAMS 0x0000000084a00000| PB 0x0000000084900000| Untracked 
|  74|0x0000000084a00000, 0x0000000084b00000, 0x0000000084b00000|100%| O|  |TAMS 0x0000000084b00000| PB 0x0000000084a00000| Untracked 
|  75|0x0000000084b00000, 0x0000000084c00000, 0x0000000084c00000|100%| O|  |TAMS 0x0000000084c00000| PB 0x0000000084b00000| Untracked 
|  76|0x0000000084c00000, 0x0000000084d00000, 0x0000000084d00000|100%| O|  |TAMS 0x0000000084d00000| PB 0x0000000084c00000| Untracked 
|  77|0x0000000084d00000, 0x0000000084e00000, 0x0000000084e00000|100%| O|  |TAMS 0x0000000084e00000| PB 0x0000000084d00000| Untracked 
|  78|0x0000000084e00000, 0x0000000084f00000, 0x0000000084f00000|100%|HS|  |TAMS 0x0000000084f00000| PB 0x0000000084e00000| Complete 
|  79|0x0000000084f00000, 0x0000000085000000, 0x0000000085000000|100%|HC|  |TAMS 0x0000000085000000| PB 0x0000000084f00000| Complete 
|  80|0x0000000085000000, 0x0000000085100000, 0x0000000085100000|100%| O|  |TAMS 0x0000000085100000| PB 0x0000000085000000| Untracked 
|  81|0x0000000085100000, 0x0000000085200000, 0x0000000085200000|100%| O|  |TAMS 0x0000000085200000| PB 0x0000000085100000| Untracked 
|  82|0x0000000085200000, 0x0000000085300000, 0x0000000085300000|100%| O|  |TAMS 0x0000000085300000| PB 0x0000000085200000| Untracked 
|  83|0x0000000085300000, 0x0000000085400000, 0x0000000085400000|100%| O|  |TAMS 0x0000000085400000| PB 0x0000000085300000| Untracked 
|  84|0x0000000085400000, 0x0000000085500000, 0x0000000085500000|100%| O|  |TAMS 0x0000000085500000| PB 0x0000000085400000| Untracked 
|  85|0x0000000085500000, 0x0000000085600000, 0x0000000085600000|100%| O|  |TAMS 0x0000000085600000| PB 0x0000000085500000| Untracked 
|  86|0x0000000085600000, 0x0000000085700000, 0x0000000085700000|100%| O|  |TAMS 0x0000000085700000| PB 0x0000000085600000| Untracked 
|  87|0x0000000085700000, 0x0000000085800000, 0x0000000085800000|100%| O|  |TAMS 0x0000000085800000| PB 0x0000000085700000| Untracked 
|  88|0x0000000085800000, 0x0000000085900000, 0x0000000085900000|100%| O|  |TAMS 0x0000000085900000| PB 0x0000000085800000| Untracked 
|  89|0x0000000085900000, 0x0000000085a00000, 0x0000000085a00000|100%| O|  |TAMS 0x0000000085a00000| PB 0x0000000085900000| Untracked 
|  90|0x0000000085a00000, 0x0000000085b00000, 0x0000000085b00000|100%| O|  |TAMS 0x0000000085b00000| PB 0x0000000085a00000| Untracked 
|  91|0x0000000085b00000, 0x0000000085c00000, 0x0000000085c00000|100%| O|  |TAMS 0x0000000085c00000| PB 0x0000000085b00000| Untracked 
|  92|0x0000000085c00000, 0x0000000085d00000, 0x0000000085d00000|100%| O|  |TAMS 0x0000000085d00000| PB 0x0000000085c00000| Untracked 
|  93|0x0000000085d00000, 0x0000000085e00000, 0x0000000085e00000|100%| O|  |TAMS 0x0000000085e00000| PB 0x0000000085d00000| Untracked 
|  94|0x0000000085e00000, 0x0000000085f00000, 0x0000000085f00000|100%| O|  |TAMS 0x0000000085f00000| PB 0x0000000085e00000| Untracked 
|  95|0x0000000085f00000, 0x0000000086000000, 0x0000000086000000|100%| O|  |TAMS 0x0000000086000000| PB 0x0000000085f00000| Untracked 
|  96|0x0000000086000000, 0x0000000086100000, 0x0000000086100000|100%| O|  |TAMS 0x0000000086100000| PB 0x0000000086000000| Untracked 
|  97|0x0000000086100000, 0x0000000086200000, 0x0000000086200000|100%| O|  |TAMS 0x0000000086200000| PB 0x0000000086100000| Untracked 
|  98|0x0000000086200000, 0x0000000086300000, 0x0000000086300000|100%| O|  |TAMS 0x0000000086300000| PB 0x0000000086200000| Untracked 
|  99|0x0000000086300000, 0x0000000086400000, 0x0000000086400000|100%| O|  |TAMS 0x0000000086400000| PB 0x0000000086300000| Untracked 
| 100|0x0000000086400000, 0x0000000086500000, 0x0000000086500000|100%| O|  |TAMS 0x0000000086500000| PB 0x0000000086400000| Untracked 
| 101|0x0000000086500000, 0x0000000086600000, 0x0000000086600000|100%| O|  |TAMS 0x0000000086600000| PB 0x0000000086500000| Untracked 
| 102|0x0000000086600000, 0x0000000086700000, 0x0000000086700000|100%| O|  |TAMS 0x0000000086700000| PB 0x0000000086600000| Untracked 
| 103|0x0000000086700000, 0x0000000086800000, 0x0000000086800000|100%| O|  |TAMS 0x0000000086800000| PB 0x0000000086700000| Untracked 
| 104|0x0000000086800000, 0x0000000086900000, 0x0000000086900000|100%| O|  |TAMS 0x0000000086900000| PB 0x0000000086800000| Untracked 
| 105|0x0000000086900000, 0x0000000086a00000, 0x0000000086a00000|100%| O|  |TAMS 0x0000000086a00000| PB 0x0000000086900000| Untracked 
| 106|0x0000000086a00000, 0x0000000086b00000, 0x0000000086b00000|100%| O|  |TAMS 0x0000000086b00000| PB 0x0000000086a00000| Untracked 
| 107|0x0000000086b00000, 0x0000000086c00000, 0x0000000086c00000|100%| O|  |TAMS 0x0000000086c00000| PB 0x0000000086b00000| Untracked 
| 108|0x0000000086c00000, 0x0000000086d00000, 0x0000000086d00000|100%| O|  |TAMS 0x0000000086d00000| PB 0x0000000086c00000| Untracked 
| 109|0x0000000086d00000, 0x0000000086e00000, 0x0000000086e00000|100%| O|  |TAMS 0x0000000086e00000| PB 0x0000000086d00000| Untracked 
| 110|0x0000000086e00000, 0x0000000086f00000, 0x0000000086f00000|100%| O|  |TAMS 0x0000000086f00000| PB 0x0000000086e00000| Untracked 
| 111|0x0000000086f00000, 0x0000000086f00000, 0x0000000087000000|  0%| F|  |TAMS 0x0000000086f00000| PB 0x0000000086f00000| Untracked 
| 112|0x0000000087000000, 0x0000000087100000, 0x0000000087100000|100%| O|  |TAMS 0x0000000087100000| PB 0x0000000087000000| Untracked 
| 113|0x0000000087100000, 0x0000000087200000, 0x0000000087200000|100%| O|  |TAMS 0x0000000087200000| PB 0x0000000087100000| Untracked 
| 114|0x0000000087200000, 0x0000000087300000, 0x0000000087300000|100%| O|  |TAMS 0x0000000087300000| PB 0x0000000087200000| Untracked 
| 115|0x0000000087300000, 0x0000000087400000, 0x0000000087400000|100%| O|  |TAMS 0x0000000087400000| PB 0x0000000087300000| Untracked 
| 116|0x0000000087400000, 0x0000000087500000, 0x0000000087500000|100%| O|  |TAMS 0x0000000087500000| PB 0x0000000087400000| Untracked 
| 117|0x0000000087500000, 0x0000000087600000, 0x0000000087600000|100%| O|  |TAMS 0x0000000087600000| PB 0x0000000087500000| Untracked 
| 118|0x0000000087600000, 0x0000000087700000, 0x0000000087700000|100%| O|  |TAMS 0x0000000087700000| PB 0x0000000087600000| Untracked 
| 119|0x0000000087700000, 0x0000000087800000, 0x0000000087800000|100%| O|  |TAMS 0x0000000087800000| PB 0x0000000087700000| Untracked 
| 120|0x0000000087800000, 0x0000000087900000, 0x0000000087900000|100%| O|  |TAMS 0x0000000087900000| PB 0x0000000087800000| Untracked 
| 121|0x0000000087900000, 0x0000000087a00000, 0x0000000087a00000|100%| O|  |TAMS 0x0000000087a00000| PB 0x0000000087900000| Untracked 
| 122|0x0000000087a00000, 0x0000000087b00000, 0x0000000087b00000|100%| O|  |TAMS 0x0000000087b00000| PB 0x0000000087a00000| Untracked 
| 123|0x0000000087b00000, 0x0000000087c00000, 0x0000000087c00000|100%| O|  |TAMS 0x0000000087c00000| PB 0x0000000087b00000| Untracked 
| 124|0x0000000087c00000, 0x0000000087d00000, 0x0000000087d00000|100%| O|  |TAMS 0x0000000087d00000| PB 0x0000000087c00000| Untracked 
| 125|0x0000000087d00000, 0x0000000087e00000, 0x0000000087e00000|100%| O|  |TAMS 0x0000000087e00000| PB 0x0000000087d00000| Untracked 
| 126|0x0000000087e00000, 0x0000000087f00000, 0x0000000087f00000|100%| O|  |TAMS 0x0000000087f00000| PB 0x0000000087e00000| Untracked 
| 127|0x0000000087f00000, 0x0000000088000000, 0x0000000088000000|100%| O|  |TAMS 0x0000000088000000| PB 0x0000000087f00000| Untracked 
| 128|0x0000000088000000, 0x0000000088100000, 0x0000000088100000|100%| O|  |TAMS 0x0000000088100000| PB 0x0000000088000000| Untracked 
| 129|0x0000000088100000, 0x0000000088200000, 0x0000000088200000|100%| O|  |TAMS 0x0000000088200000| PB 0x0000000088100000| Untracked 
| 130|0x0000000088200000, 0x0000000088300000, 0x0000000088300000|100%| O|  |TAMS 0x0000000088300000| PB 0x0000000088200000| Untracked 
| 131|0x0000000088300000, 0x0000000088400000, 0x0000000088400000|100%| O|  |TAMS 0x0000000088400000| PB 0x0000000088300000| Untracked 
| 132|0x0000000088400000, 0x0000000088500000, 0x0000000088500000|100%| O|  |TAMS 0x0000000088500000| PB 0x0000000088400000| Untracked 
| 133|0x0000000088500000, 0x0000000088600000, 0x0000000088600000|100%| O|  |TAMS 0x0000000088600000| PB 0x0000000088500000| Untracked 
| 134|0x0000000088600000, 0x0000000088700000, 0x0000000088700000|100%| O|  |TAMS 0x0000000088700000| PB 0x0000000088600000| Untracked 
| 135|0x0000000088700000, 0x0000000088800000, 0x0000000088800000|100%| O|  |TAMS 0x0000000088800000| PB 0x0000000088700000| Untracked 
| 136|0x0000000088800000, 0x0000000088900000, 0x0000000088900000|100%| O|  |TAMS 0x0000000088900000| PB 0x0000000088800000| Untracked 
| 137|0x0000000088900000, 0x0000000088a00000, 0x0000000088a00000|100%| O|  |TAMS 0x0000000088a00000| PB 0x0000000088900000| Untracked 
| 138|0x0000000088a00000, 0x0000000088b00000, 0x0000000088b00000|100%| O|  |TAMS 0x0000000088b00000| PB 0x0000000088a00000| Untracked 
| 139|0x0000000088b00000, 0x0000000088c00000, 0x0000000088c00000|100%| O|  |TAMS 0x0000000088c00000| PB 0x0000000088b00000| Untracked 
| 140|0x0000000088c00000, 0x0000000088c00000, 0x0000000088d00000|  0%| F|  |TAMS 0x0000000088c00000| PB 0x0000000088c00000| Untracked 
| 141|0x0000000088d00000, 0x0000000088d00000, 0x0000000088e00000|  0%| F|  |TAMS 0x0000000088d00000| PB 0x0000000088d00000| Untracked 
| 142|0x0000000088e00000, 0x0000000088f00000, 0x0000000088f00000|100%| O|  |TAMS 0x0000000088f00000| PB 0x0000000088e00000| Untracked 
| 143|0x0000000088f00000, 0x0000000089000000, 0x0000000089000000|100%| O|  |TAMS 0x0000000089000000| PB 0x0000000088f00000| Untracked 
| 144|0x0000000089000000, 0x0000000089100000, 0x0000000089100000|100%| O|  |TAMS 0x0000000089100000| PB 0x0000000089000000| Untracked 
| 145|0x0000000089100000, 0x0000000089200000, 0x0000000089200000|100%| O|  |TAMS 0x0000000089200000| PB 0x0000000089100000| Untracked 
| 146|0x0000000089200000, 0x0000000089300000, 0x0000000089300000|100%| O|  |TAMS 0x0000000089300000| PB 0x0000000089200000| Untracked 
| 147|0x0000000089300000, 0x0000000089400000, 0x0000000089400000|100%| O|  |TAMS 0x0000000089400000| PB 0x0000000089300000| Untracked 
| 148|0x0000000089400000, 0x0000000089400000, 0x0000000089500000|  0%| F|  |TAMS 0x0000000089400000| PB 0x0000000089400000| Untracked 
| 149|0x0000000089500000, 0x0000000089600000, 0x0000000089600000|100%| O|  |TAMS 0x0000000089600000| PB 0x0000000089500000| Untracked 
| 150|0x0000000089600000, 0x0000000089700000, 0x0000000089700000|100%| O|  |TAMS 0x0000000089700000| PB 0x0000000089600000| Untracked 
| 151|0x0000000089700000, 0x0000000089800000, 0x0000000089800000|100%| O|  |TAMS 0x0000000089800000| PB 0x0000000089700000| Untracked 
| 152|0x0000000089800000, 0x0000000089900000, 0x0000000089900000|100%| O|  |TAMS 0x0000000089900000| PB 0x0000000089800000| Untracked 
| 153|0x0000000089900000, 0x0000000089a00000, 0x0000000089a00000|100%| O|  |TAMS 0x0000000089a00000| PB 0x0000000089900000| Untracked 
| 154|0x0000000089a00000, 0x0000000089b00000, 0x0000000089b00000|100%| O|  |TAMS 0x0000000089b00000| PB 0x0000000089a00000| Untracked 
| 155|0x0000000089b00000, 0x0000000089b00000, 0x0000000089c00000|  0%| F|  |TAMS 0x0000000089b00000| PB 0x0000000089b00000| Untracked 
| 156|0x0000000089c00000, 0x0000000089d00000, 0x0000000089d00000|100%| O|  |TAMS 0x0000000089d00000| PB 0x0000000089c00000| Untracked 
| 157|0x0000000089d00000, 0x0000000089e00000, 0x0000000089e00000|100%| O|  |TAMS 0x0000000089e00000| PB 0x0000000089d00000| Untracked 
| 158|0x0000000089e00000, 0x0000000089f00000, 0x0000000089f00000|100%| O|  |TAMS 0x0000000089f00000| PB 0x0000000089e00000| Untracked 
| 159|0x0000000089f00000, 0x000000008a000000, 0x000000008a000000|100%| O|  |TAMS 0x000000008a000000| PB 0x0000000089f00000| Untracked 
| 160|0x000000008a000000, 0x000000008a100000, 0x000000008a100000|100%| O|  |TAMS 0x000000008a100000| PB 0x000000008a000000| Untracked 
| 161|0x000000008a100000, 0x000000008a200000, 0x000000008a200000|100%| O|  |TAMS 0x000000008a200000| PB 0x000000008a100000| Untracked 
| 162|0x000000008a200000, 0x000000008a300000, 0x000000008a300000|100%| O|  |TAMS 0x000000008a300000| PB 0x000000008a200000| Untracked 
| 163|0x000000008a300000, 0x000000008a300000, 0x000000008a400000|  0%| F|  |TAMS 0x000000008a300000| PB 0x000000008a300000| Untracked 
| 164|0x000000008a400000, 0x000000008a400000, 0x000000008a500000|  0%| F|  |TAMS 0x000000008a400000| PB 0x000000008a400000| Untracked 
| 165|0x000000008a500000, 0x000000008a500000, 0x000000008a600000|  0%| F|  |TAMS 0x000000008a500000| PB 0x000000008a500000| Untracked 
| 166|0x000000008a600000, 0x000000008a600000, 0x000000008a700000|  0%| F|  |TAMS 0x000000008a600000| PB 0x000000008a600000| Untracked 
| 167|0x000000008a700000, 0x000000008a700000, 0x000000008a800000|  0%| F|  |TAMS 0x000000008a700000| PB 0x000000008a700000| Untracked 
| 168|0x000000008a800000, 0x000000008a800000, 0x000000008a900000|  0%| F|  |TAMS 0x000000008a800000| PB 0x000000008a800000| Untracked 
| 169|0x000000008a900000, 0x000000008aa00000, 0x000000008aa00000|100%| O|  |TAMS 0x000000008aa00000| PB 0x000000008a900000| Untracked 
| 170|0x000000008aa00000, 0x000000008ab00000, 0x000000008ab00000|100%| O|  |TAMS 0x000000008ab00000| PB 0x000000008aa00000| Untracked 
| 171|0x000000008ab00000, 0x000000008ac00000, 0x000000008ac00000|100%| O|  |TAMS 0x000000008ac00000| PB 0x000000008ab00000| Untracked 
| 172|0x000000008ac00000, 0x000000008ad00000, 0x000000008ad00000|100%| O|  |TAMS 0x000000008ad00000| PB 0x000000008ac00000| Untracked 
| 173|0x000000008ad00000, 0x000000008ae00000, 0x000000008ae00000|100%| O|  |TAMS 0x000000008ae00000| PB 0x000000008ad00000| Untracked 
| 174|0x000000008ae00000, 0x000000008af00000, 0x000000008af00000|100%| O|  |TAMS 0x000000008af00000| PB 0x000000008ae00000| Untracked 
| 175|0x000000008af00000, 0x000000008b000000, 0x000000008b000000|100%| O|  |TAMS 0x000000008b000000| PB 0x000000008af00000| Untracked 
| 176|0x000000008b000000, 0x000000008b100000, 0x000000008b100000|100%| O|  |TAMS 0x000000008b100000| PB 0x000000008b000000| Untracked 
| 177|0x000000008b100000, 0x000000008b200000, 0x000000008b200000|100%| O|  |TAMS 0x000000008b200000| PB 0x000000008b100000| Untracked 
| 178|0x000000008b200000, 0x000000008b200000, 0x000000008b300000|  0%| F|  |TAMS 0x000000008b200000| PB 0x000000008b200000| Untracked 
| 179|0x000000008b300000, 0x000000008b400000, 0x000000008b400000|100%| O|  |TAMS 0x000000008b400000| PB 0x000000008b300000| Untracked 
| 180|0x000000008b400000, 0x000000008b500000, 0x000000008b500000|100%| O|  |TAMS 0x000000008b500000| PB 0x000000008b400000| Untracked 
| 181|0x000000008b500000, 0x000000008b600000, 0x000000008b600000|100%| O|  |TAMS 0x000000008b600000| PB 0x000000008b500000| Untracked 
| 182|0x000000008b600000, 0x000000008b700000, 0x000000008b700000|100%| O|  |TAMS 0x000000008b700000| PB 0x000000008b600000| Untracked 
| 183|0x000000008b700000, 0x000000008b800000, 0x000000008b800000|100%| O|  |TAMS 0x000000008b800000| PB 0x000000008b700000| Untracked 
| 184|0x000000008b800000, 0x000000008b900000, 0x000000008b900000|100%| O|  |TAMS 0x000000008b900000| PB 0x000000008b800000| Untracked 
| 185|0x000000008b900000, 0x000000008ba00000, 0x000000008ba00000|100%| O|  |TAMS 0x000000008ba00000| PB 0x000000008b900000| Untracked 
| 186|0x000000008ba00000, 0x000000008bb00000, 0x000000008bb00000|100%| O|  |TAMS 0x000000008bb00000| PB 0x000000008ba00000| Untracked 
| 187|0x000000008bb00000, 0x000000008bc00000, 0x000000008bc00000|100%| O|  |TAMS 0x000000008bc00000| PB 0x000000008bb00000| Untracked 
| 188|0x000000008bc00000, 0x000000008bd00000, 0x000000008bd00000|100%| O|  |TAMS 0x000000008bd00000| PB 0x000000008bc00000| Untracked 
| 189|0x000000008bd00000, 0x000000008be00000, 0x000000008be00000|100%| O|  |TAMS 0x000000008be00000| PB 0x000000008bd00000| Untracked 
| 190|0x000000008be00000, 0x000000008bf00000, 0x000000008bf00000|100%| O|  |TAMS 0x000000008bf00000| PB 0x000000008be00000| Untracked 
| 191|0x000000008bf00000, 0x000000008c000000, 0x000000008c000000|100%| O|  |TAMS 0x000000008c000000| PB 0x000000008bf00000| Untracked 
| 192|0x000000008c000000, 0x000000008c100000, 0x000000008c100000|100%| O|  |TAMS 0x000000008c100000| PB 0x000000008c000000| Untracked 
| 193|0x000000008c100000, 0x000000008c200000, 0x000000008c200000|100%| O|  |TAMS 0x000000008c200000| PB 0x000000008c100000| Untracked 
| 194|0x000000008c200000, 0x000000008c300000, 0x000000008c300000|100%| O|  |TAMS 0x000000008c300000| PB 0x000000008c200000| Untracked 
| 195|0x000000008c300000, 0x000000008c400000, 0x000000008c400000|100%| O|  |TAMS 0x000000008c400000| PB 0x000000008c300000| Untracked 
| 196|0x000000008c400000, 0x000000008c500000, 0x000000008c500000|100%| O|  |TAMS 0x000000008c500000| PB 0x000000008c400000| Untracked 
| 197|0x000000008c500000, 0x000000008c600000, 0x000000008c600000|100%| O|  |TAMS 0x000000008c600000| PB 0x000000008c500000| Untracked 
| 198|0x000000008c600000, 0x000000008c700000, 0x000000008c700000|100%| O|  |TAMS 0x000000008c700000| PB 0x000000008c600000| Untracked 
| 199|0x000000008c700000, 0x000000008c800000, 0x000000008c800000|100%| O|  |TAMS 0x000000008c800000| PB 0x000000008c700000| Untracked 
| 200|0x000000008c800000, 0x000000008c900000, 0x000000008c900000|100%| O|  |TAMS 0x000000008c900000| PB 0x000000008c800000| Untracked 
| 201|0x000000008c900000, 0x000000008ca00000, 0x000000008ca00000|100%| O|  |TAMS 0x000000008ca00000| PB 0x000000008c900000| Untracked 
| 202|0x000000008ca00000, 0x000000008cb00000, 0x000000008cb00000|100%| O|  |TAMS 0x000000008cb00000| PB 0x000000008ca00000| Untracked 
| 203|0x000000008cb00000, 0x000000008cc00000, 0x000000008cc00000|100%| O|  |TAMS 0x000000008cc00000| PB 0x000000008cb00000| Untracked 
| 204|0x000000008cc00000, 0x000000008cd00000, 0x000000008cd00000|100%| O|  |TAMS 0x000000008cd00000| PB 0x000000008cc00000| Untracked 
| 205|0x000000008cd00000, 0x000000008ce00000, 0x000000008ce00000|100%| O|  |TAMS 0x000000008ce00000| PB 0x000000008cd00000| Untracked 
| 206|0x000000008ce00000, 0x000000008cf00000, 0x000000008cf00000|100%| O|  |TAMS 0x000000008cf00000| PB 0x000000008ce00000| Untracked 
| 207|0x000000008cf00000, 0x000000008d000000, 0x000000008d000000|100%| O|  |TAMS 0x000000008d000000| PB 0x000000008cf00000| Untracked 
| 208|0x000000008d000000, 0x000000008d100000, 0x000000008d100000|100%| O|  |TAMS 0x000000008d100000| PB 0x000000008d000000| Untracked 
| 209|0x000000008d100000, 0x000000008d200000, 0x000000008d200000|100%| O|  |TAMS 0x000000008d200000| PB 0x000000008d100000| Untracked 
| 210|0x000000008d200000, 0x000000008d300000, 0x000000008d300000|100%| O|  |TAMS 0x000000008d300000| PB 0x000000008d200000| Untracked 
| 211|0x000000008d300000, 0x000000008d400000, 0x000000008d400000|100%| O|  |TAMS 0x000000008d400000| PB 0x000000008d300000| Untracked 
| 212|0x000000008d400000, 0x000000008d500000, 0x000000008d500000|100%| O|  |TAMS 0x000000008d500000| PB 0x000000008d400000| Untracked 
| 213|0x000000008d500000, 0x000000008d600000, 0x000000008d600000|100%| O|  |TAMS 0x000000008d600000| PB 0x000000008d500000| Untracked 
| 214|0x000000008d600000, 0x000000008d700000, 0x000000008d700000|100%| O|  |TAMS 0x000000008d700000| PB 0x000000008d600000| Untracked 
| 215|0x000000008d700000, 0x000000008d700000, 0x000000008d800000|  0%| F|  |TAMS 0x000000008d700000| PB 0x000000008d700000| Untracked 
| 216|0x000000008d800000, 0x000000008d900000, 0x000000008d900000|100%| O|  |TAMS 0x000000008d900000| PB 0x000000008d800000| Untracked 
| 217|0x000000008d900000, 0x000000008da00000, 0x000000008da00000|100%| O|  |TAMS 0x000000008da00000| PB 0x000000008d900000| Untracked 
| 218|0x000000008da00000, 0x000000008db00000, 0x000000008db00000|100%| O|  |TAMS 0x000000008db00000| PB 0x000000008da00000| Untracked 
| 219|0x000000008db00000, 0x000000008dc00000, 0x000000008dc00000|100%| O|  |TAMS 0x000000008dc00000| PB 0x000000008db00000| Untracked 
| 220|0x000000008dc00000, 0x000000008dd00000, 0x000000008dd00000|100%| O|  |TAMS 0x000000008dd00000| PB 0x000000008dc00000| Untracked 
| 221|0x000000008dd00000, 0x000000008de00000, 0x000000008de00000|100%| O|  |TAMS 0x000000008de00000| PB 0x000000008dd00000| Untracked 
| 222|0x000000008de00000, 0x000000008df00000, 0x000000008df00000|100%| O|  |TAMS 0x000000008df00000| PB 0x000000008de00000| Untracked 
| 223|0x000000008df00000, 0x000000008e000000, 0x000000008e000000|100%| O|  |TAMS 0x000000008e000000| PB 0x000000008df00000| Untracked 
| 224|0x000000008e000000, 0x000000008e100000, 0x000000008e100000|100%| O|  |TAMS 0x000000008e100000| PB 0x000000008e000000| Untracked 
| 225|0x000000008e100000, 0x000000008e200000, 0x000000008e200000|100%| O|  |TAMS 0x000000008e200000| PB 0x000000008e100000| Untracked 
| 226|0x000000008e200000, 0x000000008e300000, 0x000000008e300000|100%| O|  |TAMS 0x000000008e300000| PB 0x000000008e200000| Untracked 
| 227|0x000000008e300000, 0x000000008e400000, 0x000000008e400000|100%| O|  |TAMS 0x000000008e400000| PB 0x000000008e300000| Untracked 
| 228|0x000000008e400000, 0x000000008e500000, 0x000000008e500000|100%| O|  |TAMS 0x000000008e500000| PB 0x000000008e400000| Untracked 
| 229|0x000000008e500000, 0x000000008e600000, 0x000000008e600000|100%| O|  |TAMS 0x000000008e600000| PB 0x000000008e500000| Untracked 
| 230|0x000000008e600000, 0x000000008e700000, 0x000000008e700000|100%| O|  |TAMS 0x000000008e700000| PB 0x000000008e600000| Untracked 
| 231|0x000000008e700000, 0x000000008e800000, 0x000000008e800000|100%| O|  |TAMS 0x000000008e800000| PB 0x000000008e700000| Untracked 
| 232|0x000000008e800000, 0x000000008e900000, 0x000000008e900000|100%| O|  |TAMS 0x000000008e900000| PB 0x000000008e800000| Untracked 
| 233|0x000000008e900000, 0x000000008e900000, 0x000000008ea00000|  0%| F|  |TAMS 0x000000008e900000| PB 0x000000008e900000| Untracked 
| 234|0x000000008ea00000, 0x000000008ea00000, 0x000000008eb00000|  0%| F|  |TAMS 0x000000008ea00000| PB 0x000000008ea00000| Untracked 
| 235|0x000000008eb00000, 0x000000008eb00000, 0x000000008ec00000|  0%| F|  |TAMS 0x000000008eb00000| PB 0x000000008eb00000| Untracked 
| 236|0x000000008ec00000, 0x000000008ec00000, 0x000000008ed00000|  0%| F|  |TAMS 0x000000008ec00000| PB 0x000000008ec00000| Untracked 
| 237|0x000000008ed00000, 0x000000008ee00000, 0x000000008ee00000|100%| O|  |TAMS 0x000000008ee00000| PB 0x000000008ed00000| Untracked 
| 238|0x000000008ee00000, 0x000000008ee00000, 0x000000008ef00000|  0%| F|  |TAMS 0x000000008ee00000| PB 0x000000008ee00000| Untracked 
| 239|0x000000008ef00000, 0x000000008f000000, 0x000000008f000000|100%| O|  |TAMS 0x000000008f000000| PB 0x000000008ef00000| Untracked 
| 240|0x000000008f000000, 0x000000008f000000, 0x000000008f100000|  0%| F|  |TAMS 0x000000008f000000| PB 0x000000008f000000| Untracked 
| 241|0x000000008f100000, 0x000000008f200000, 0x000000008f200000|100%| O|  |TAMS 0x000000008f200000| PB 0x000000008f100000| Untracked 
| 242|0x000000008f200000, 0x000000008f300000, 0x000000008f300000|100%| O|  |TAMS 0x000000008f300000| PB 0x000000008f200000| Untracked 
| 243|0x000000008f300000, 0x000000008f400000, 0x000000008f400000|100%| O|  |TAMS 0x000000008f400000| PB 0x000000008f300000| Untracked 
| 244|0x000000008f400000, 0x000000008f500000, 0x000000008f500000|100%| O|  |TAMS 0x000000008f500000| PB 0x000000008f400000| Untracked 
| 245|0x000000008f500000, 0x000000008f500000, 0x000000008f600000|  0%| F|  |TAMS 0x000000008f500000| PB 0x000000008f500000| Untracked 
| 246|0x000000008f600000, 0x000000008f600000, 0x000000008f700000|  0%| F|  |TAMS 0x000000008f600000| PB 0x000000008f600000| Untracked 
| 247|0x000000008f700000, 0x000000008f700000, 0x000000008f800000|  0%| F|  |TAMS 0x000000008f700000| PB 0x000000008f700000| Untracked 
| 248|0x000000008f800000, 0x000000008f800000, 0x000000008f900000|  0%| F|  |TAMS 0x000000008f800000| PB 0x000000008f800000| Untracked 
| 249|0x000000008f900000, 0x000000008f900000, 0x000000008fa00000|  0%| F|  |TAMS 0x000000008f900000| PB 0x000000008f900000| Untracked 
| 250|0x000000008fa00000, 0x000000008fa00000, 0x000000008fb00000|  0%| F|  |TAMS 0x000000008fa00000| PB 0x000000008fa00000| Untracked 
| 251|0x000000008fb00000, 0x000000008fc00000, 0x000000008fc00000|100%| O|  |TAMS 0x000000008fc00000| PB 0x000000008fb00000| Untracked 
| 252|0x000000008fc00000, 0x000000008fd00000, 0x000000008fd00000|100%| O|  |TAMS 0x000000008fd00000| PB 0x000000008fc00000| Untracked 
| 253|0x000000008fd00000, 0x000000008fe00000, 0x000000008fe00000|100%| O|  |TAMS 0x000000008fe00000| PB 0x000000008fd00000| Untracked 
| 254|0x000000008fe00000, 0x000000008fe00000, 0x000000008ff00000|  0%| F|  |TAMS 0x000000008fe00000| PB 0x000000008fe00000| Untracked 
| 255|0x000000008ff00000, 0x000000008ff00000, 0x0000000090000000|  0%| F|  |TAMS 0x000000008ff00000| PB 0x000000008ff00000| Untracked 
| 256|0x0000000090000000, 0x0000000090000000, 0x0000000090100000|  0%| F|  |TAMS 0x0000000090000000| PB 0x0000000090000000| Untracked 
| 257|0x0000000090100000, 0x0000000090100000, 0x0000000090200000|  0%| F|  |TAMS 0x0000000090100000| PB 0x0000000090100000| Untracked 
| 258|0x0000000090200000, 0x0000000090200000, 0x0000000090300000|  0%| F|  |TAMS 0x0000000090200000| PB 0x0000000090200000| Untracked 
| 259|0x0000000090300000, 0x0000000090300000, 0x0000000090400000|  0%| F|  |TAMS 0x0000000090300000| PB 0x0000000090300000| Untracked 
| 260|0x0000000090400000, 0x0000000090400000, 0x0000000090500000|  0%| F|  |TAMS 0x0000000090400000| PB 0x0000000090400000| Untracked 
| 261|0x0000000090500000, 0x00000000905441d0, 0x0000000090600000| 26%| S|CS|TAMS 0x0000000090500000| PB 0x0000000090500000| Complete 
| 262|0x0000000090600000, 0x0000000090700000, 0x0000000090700000|100%| S|CS|TAMS 0x0000000090600000| PB 0x0000000090600000| Complete 
| 263|0x0000000090700000, 0x0000000090800000, 0x0000000090800000|100%| S|CS|TAMS 0x0000000090700000| PB 0x0000000090700000| Complete 
| 264|0x0000000090800000, 0x0000000090900000, 0x0000000090900000|100%| S|CS|TAMS 0x0000000090800000| PB 0x0000000090800000| Complete 
| 265|0x0000000090900000, 0x0000000090a00000, 0x0000000090a00000|100%| S|CS|TAMS 0x0000000090900000| PB 0x0000000090900000| Complete 
| 266|0x0000000090a00000, 0x0000000090b00000, 0x0000000090b00000|100%| S|CS|TAMS 0x0000000090a00000| PB 0x0000000090a00000| Complete 
| 267|0x0000000090b00000, 0x0000000090c00000, 0x0000000090c00000|100%| S|CS|TAMS 0x0000000090b00000| PB 0x0000000090b00000| Complete 
| 268|0x0000000090c00000, 0x0000000090d00000, 0x0000000090d00000|100%| S|CS|TAMS 0x0000000090c00000| PB 0x0000000090c00000| Complete 
| 269|0x0000000090d00000, 0x0000000090e00000, 0x0000000090e00000|100%| S|CS|TAMS 0x0000000090d00000| PB 0x0000000090d00000| Complete 
| 270|0x0000000090e00000, 0x0000000090f00000, 0x0000000090f00000|100%| S|CS|TAMS 0x0000000090e00000| PB 0x0000000090e00000| Complete 
| 271|0x0000000090f00000, 0x0000000091000000, 0x0000000091000000|100%| S|CS|TAMS 0x0000000090f00000| PB 0x0000000090f00000| Complete 
| 272|0x0000000091000000, 0x0000000091100000, 0x0000000091100000|100%| S|CS|TAMS 0x0000000091000000| PB 0x0000000091000000| Complete 
| 273|0x0000000091100000, 0x0000000091100000, 0x0000000091200000|  0%| F|  |TAMS 0x0000000091100000| PB 0x0000000091100000| Untracked 
| 274|0x0000000091200000, 0x0000000091200000, 0x0000000091300000|  0%| F|  |TAMS 0x0000000091200000| PB 0x0000000091200000| Untracked 
| 275|0x0000000091300000, 0x0000000091300000, 0x0000000091400000|  0%| F|  |TAMS 0x0000000091300000| PB 0x0000000091300000| Untracked 
| 276|0x0000000091400000, 0x0000000091500000, 0x0000000091500000|100%| O|  |TAMS 0x0000000091500000| PB 0x0000000091400000| Untracked 
| 277|0x0000000091500000, 0x0000000091600000, 0x0000000091600000|100%| O|  |TAMS 0x0000000091600000| PB 0x0000000091500000| Untracked 
| 278|0x0000000091600000, 0x0000000091700000, 0x0000000091700000|100%| O|  |TAMS 0x0000000091700000| PB 0x0000000091600000| Untracked 
| 279|0x0000000091700000, 0x0000000091800000, 0x0000000091800000|100%| O|  |TAMS 0x0000000091800000| PB 0x0000000091700000| Untracked 
| 280|0x0000000091800000, 0x0000000091900000, 0x0000000091900000|100%| O|  |TAMS 0x0000000091900000| PB 0x0000000091800000| Untracked 
| 281|0x0000000091900000, 0x0000000091a00000, 0x0000000091a00000|100%| O|  |TAMS 0x0000000091a00000| PB 0x0000000091900000| Untracked 
| 282|0x0000000091a00000, 0x0000000091b00000, 0x0000000091b00000|100%| O|  |TAMS 0x0000000091b00000| PB 0x0000000091a00000| Untracked 
| 283|0x0000000091b00000, 0x0000000091c00000, 0x0000000091c00000|100%| O|  |TAMS 0x0000000091c00000| PB 0x0000000091b00000| Untracked 
| 284|0x0000000091c00000, 0x0000000091d00000, 0x0000000091d00000|100%| O|  |TAMS 0x0000000091d00000| PB 0x0000000091c00000| Untracked 
| 285|0x0000000091d00000, 0x0000000091e00000, 0x0000000091e00000|100%| O|  |TAMS 0x0000000091e00000| PB 0x0000000091d00000| Untracked 
| 286|0x0000000091e00000, 0x0000000091e00000, 0x0000000091f00000|  0%| F|  |TAMS 0x0000000091e00000| PB 0x0000000091e00000| Untracked 
| 287|0x0000000091f00000, 0x0000000091f00000, 0x0000000092000000|  0%| F|  |TAMS 0x0000000091f00000| PB 0x0000000091f00000| Untracked 
| 288|0x0000000092000000, 0x0000000092000000, 0x0000000092100000|  0%| F|  |TAMS 0x0000000092000000| PB 0x0000000092000000| Untracked 
| 289|0x0000000092100000, 0x0000000092100000, 0x0000000092200000|  0%| F|  |TAMS 0x0000000092100000| PB 0x0000000092100000| Untracked 
| 290|0x0000000092200000, 0x0000000092200000, 0x0000000092300000|  0%| F|  |TAMS 0x0000000092200000| PB 0x0000000092200000| Untracked 
| 291|0x0000000092300000, 0x0000000092300000, 0x0000000092400000|  0%| F|  |TAMS 0x0000000092300000| PB 0x0000000092300000| Untracked 
| 292|0x0000000092400000, 0x0000000092400000, 0x0000000092500000|  0%| F|  |TAMS 0x0000000092400000| PB 0x0000000092400000| Untracked 
| 293|0x0000000092500000, 0x0000000092500000, 0x0000000092600000|  0%| F|  |TAMS 0x0000000092500000| PB 0x0000000092500000| Untracked 
| 294|0x0000000092600000, 0x0000000092600000, 0x0000000092700000|  0%| F|  |TAMS 0x0000000092600000| PB 0x0000000092600000| Untracked 
| 295|0x0000000092700000, 0x0000000092700000, 0x0000000092800000|  0%| F|  |TAMS 0x0000000092700000| PB 0x0000000092700000| Untracked 
| 296|0x0000000092800000, 0x0000000092900000, 0x0000000092900000|100%| S|CS|TAMS 0x0000000092800000| PB 0x0000000092800000| Complete 
| 297|0x0000000092900000, 0x0000000092a00000, 0x0000000092a00000|100%| S|CS|TAMS 0x0000000092900000| PB 0x0000000092900000| Complete 
| 298|0x0000000092a00000, 0x0000000092b00000, 0x0000000092b00000|100%| S|CS|TAMS 0x0000000092a00000| PB 0x0000000092a00000| Complete 
| 299|0x0000000092b00000, 0x0000000092c00000, 0x0000000092c00000|100%| S|CS|TAMS 0x0000000092b00000| PB 0x0000000092b00000| Complete 
| 300|0x0000000092c00000, 0x0000000092d00000, 0x0000000092d00000|100%| S|CS|TAMS 0x0000000092c00000| PB 0x0000000092c00000| Complete 
| 301|0x0000000092d00000, 0x0000000092e00000, 0x0000000092e00000|100%| S|CS|TAMS 0x0000000092d00000| PB 0x0000000092d00000| Complete 
| 302|0x0000000092e00000, 0x0000000092f00000, 0x0000000092f00000|100%| S|CS|TAMS 0x0000000092e00000| PB 0x0000000092e00000| Complete 
| 303|0x0000000092f00000, 0x0000000092f00000, 0x0000000093000000|  0%| F|  |TAMS 0x0000000092f00000| PB 0x0000000092f00000| Untracked 
| 304|0x0000000093000000, 0x0000000093000000, 0x0000000093100000|  0%| F|  |TAMS 0x0000000093000000| PB 0x0000000093000000| Untracked 
| 305|0x0000000093100000, 0x0000000093100000, 0x0000000093200000|  0%| F|  |TAMS 0x0000000093100000| PB 0x0000000093100000| Untracked 
| 306|0x0000000093200000, 0x0000000093200000, 0x0000000093300000|  0%| F|  |TAMS 0x0000000093200000| PB 0x0000000093200000| Untracked 
| 307|0x0000000093300000, 0x0000000093300000, 0x0000000093400000|  0%| F|  |TAMS 0x0000000093300000| PB 0x0000000093300000| Untracked 
| 308|0x0000000093400000, 0x0000000093400000, 0x0000000093500000|  0%| F|  |TAMS 0x0000000093400000| PB 0x0000000093400000| Untracked 
| 309|0x0000000093500000, 0x0000000093500000, 0x0000000093600000|  0%| F|  |TAMS 0x0000000093500000| PB 0x0000000093500000| Untracked 
| 310|0x0000000093600000, 0x0000000093600000, 0x0000000093700000|  0%| F|  |TAMS 0x0000000093600000| PB 0x0000000093600000| Untracked 
| 311|0x0000000093700000, 0x0000000093700000, 0x0000000093800000|  0%| F|  |TAMS 0x0000000093700000| PB 0x0000000093700000| Untracked 
| 312|0x0000000093800000, 0x0000000093800000, 0x0000000093900000|  0%| F|  |TAMS 0x0000000093800000| PB 0x0000000093800000| Untracked 
| 313|0x0000000093900000, 0x0000000093900000, 0x0000000093a00000|  0%| F|  |TAMS 0x0000000093900000| PB 0x0000000093900000| Untracked 
| 314|0x0000000093a00000, 0x0000000093a00000, 0x0000000093b00000|  0%| F|  |TAMS 0x0000000093a00000| PB 0x0000000093a00000| Untracked 
| 315|0x0000000093b00000, 0x0000000093b00000, 0x0000000093c00000|  0%| F|  |TAMS 0x0000000093b00000| PB 0x0000000093b00000| Untracked 
| 316|0x0000000093c00000, 0x0000000093c00000, 0x0000000093d00000|  0%| F|  |TAMS 0x0000000093c00000| PB 0x0000000093c00000| Untracked 
| 317|0x0000000093d00000, 0x0000000093d00000, 0x0000000093e00000|  0%| F|  |TAMS 0x0000000093d00000| PB 0x0000000093d00000| Untracked 
| 318|0x0000000093e00000, 0x0000000093e00000, 0x0000000093f00000|  0%| F|  |TAMS 0x0000000093e00000| PB 0x0000000093e00000| Untracked 
| 319|0x0000000093f00000, 0x0000000093f00000, 0x0000000094000000|  0%| F|  |TAMS 0x0000000093f00000| PB 0x0000000093f00000| Untracked 
| 320|0x0000000094000000, 0x0000000094000000, 0x0000000094100000|  0%| F|  |TAMS 0x0000000094000000| PB 0x0000000094000000| Untracked 
| 321|0x0000000094100000, 0x0000000094100000, 0x0000000094200000|  0%| F|  |TAMS 0x0000000094100000| PB 0x0000000094100000| Untracked 
| 322|0x0000000094200000, 0x0000000094200000, 0x0000000094300000|  0%| F|  |TAMS 0x0000000094200000| PB 0x0000000094200000| Untracked 
| 323|0x0000000094300000, 0x0000000094300000, 0x0000000094400000|  0%| F|  |TAMS 0x0000000094300000| PB 0x0000000094300000| Untracked 
| 324|0x0000000094400000, 0x0000000094400000, 0x0000000094500000|  0%| F|  |TAMS 0x0000000094400000| PB 0x0000000094400000| Untracked 
| 325|0x0000000094500000, 0x0000000094500000, 0x0000000094600000|  0%| F|  |TAMS 0x0000000094500000| PB 0x0000000094500000| Untracked 
| 326|0x0000000094600000, 0x0000000094600000, 0x0000000094700000|  0%| F|  |TAMS 0x0000000094600000| PB 0x0000000094600000| Untracked 
| 327|0x0000000094700000, 0x0000000094700000, 0x0000000094800000|  0%| F|  |TAMS 0x0000000094700000| PB 0x0000000094700000| Untracked 
| 328|0x0000000094800000, 0x0000000094800000, 0x0000000094900000|  0%| F|  |TAMS 0x0000000094800000| PB 0x0000000094800000| Untracked 
| 329|0x0000000094900000, 0x0000000094900000, 0x0000000094a00000|  0%| F|  |TAMS 0x0000000094900000| PB 0x0000000094900000| Untracked 
| 330|0x0000000094a00000, 0x0000000094a00000, 0x0000000094b00000|  0%| F|  |TAMS 0x0000000094a00000| PB 0x0000000094a00000| Untracked 
| 331|0x0000000094b00000, 0x0000000094b00000, 0x0000000094c00000|  0%| F|  |TAMS 0x0000000094b00000| PB 0x0000000094b00000| Untracked 
| 332|0x0000000094c00000, 0x0000000094c00000, 0x0000000094d00000|  0%| F|  |TAMS 0x0000000094c00000| PB 0x0000000094c00000| Untracked 
| 333|0x0000000094d00000, 0x0000000094d00000, 0x0000000094e00000|  0%| F|  |TAMS 0x0000000094d00000| PB 0x0000000094d00000| Untracked 
| 334|0x0000000094e00000, 0x0000000094e00000, 0x0000000094f00000|  0%| F|  |TAMS 0x0000000094e00000| PB 0x0000000094e00000| Untracked 
| 335|0x0000000094f00000, 0x0000000094f00000, 0x0000000095000000|  0%| F|  |TAMS 0x0000000094f00000| PB 0x0000000094f00000| Untracked 
| 336|0x0000000095000000, 0x0000000095000000, 0x0000000095100000|  0%| F|  |TAMS 0x0000000095000000| PB 0x0000000095000000| Untracked 
| 337|0x0000000095100000, 0x0000000095100000, 0x0000000095200000|  0%| F|  |TAMS 0x0000000095100000| PB 0x0000000095100000| Untracked 
| 338|0x0000000095200000, 0x0000000095200000, 0x0000000095300000|  0%| F|  |TAMS 0x0000000095200000| PB 0x0000000095200000| Untracked 
| 339|0x0000000095300000, 0x0000000095300000, 0x0000000095400000|  0%| F|  |TAMS 0x0000000095300000| PB 0x0000000095300000| Untracked 
| 340|0x0000000095400000, 0x0000000095400000, 0x0000000095500000|  0%| F|  |TAMS 0x0000000095400000| PB 0x0000000095400000| Untracked 
| 341|0x0000000095500000, 0x0000000095500000, 0x0000000095600000|  0%| F|  |TAMS 0x0000000095500000| PB 0x0000000095500000| Untracked 
| 342|0x0000000095600000, 0x0000000095600000, 0x0000000095700000|  0%| F|  |TAMS 0x0000000095600000| PB 0x0000000095600000| Untracked 
| 343|0x0000000095700000, 0x0000000095700000, 0x0000000095800000|  0%| F|  |TAMS 0x0000000095700000| PB 0x0000000095700000| Untracked 
| 344|0x0000000095800000, 0x0000000095800000, 0x0000000095900000|  0%| F|  |TAMS 0x0000000095800000| PB 0x0000000095800000| Untracked 
| 345|0x0000000095900000, 0x0000000095900000, 0x0000000095a00000|  0%| F|  |TAMS 0x0000000095900000| PB 0x0000000095900000| Untracked 
| 346|0x0000000095a00000, 0x0000000095a00000, 0x0000000095b00000|  0%| F|  |TAMS 0x0000000095a00000| PB 0x0000000095a00000| Untracked 
| 347|0x0000000095b00000, 0x0000000095b00000, 0x0000000095c00000|  0%| F|  |TAMS 0x0000000095b00000| PB 0x0000000095b00000| Untracked 
| 348|0x0000000095c00000, 0x0000000095c00000, 0x0000000095d00000|  0%| F|  |TAMS 0x0000000095c00000| PB 0x0000000095c00000| Untracked 
| 349|0x0000000095d00000, 0x0000000095d00000, 0x0000000095e00000|  0%| F|  |TAMS 0x0000000095d00000| PB 0x0000000095d00000| Untracked 
| 350|0x0000000095e00000, 0x0000000095e00000, 0x0000000095f00000|  0%| F|  |TAMS 0x0000000095e00000| PB 0x0000000095e00000| Untracked 
| 351|0x0000000095f00000, 0x0000000095f00000, 0x0000000096000000|  0%| F|  |TAMS 0x0000000095f00000| PB 0x0000000095f00000| Untracked 
| 352|0x0000000096000000, 0x0000000096000000, 0x0000000096100000|  0%| F|  |TAMS 0x0000000096000000| PB 0x0000000096000000| Untracked 
| 353|0x0000000096100000, 0x0000000096100000, 0x0000000096200000|  0%| F|  |TAMS 0x0000000096100000| PB 0x0000000096100000| Untracked 
| 354|0x0000000096200000, 0x0000000096200000, 0x0000000096300000|  0%| F|  |TAMS 0x0000000096200000| PB 0x0000000096200000| Untracked 
| 355|0x0000000096300000, 0x0000000096300000, 0x0000000096400000|  0%| F|  |TAMS 0x0000000096300000| PB 0x0000000096300000| Untracked 
| 356|0x0000000096400000, 0x0000000096400000, 0x0000000096500000|  0%| F|  |TAMS 0x0000000096400000| PB 0x0000000096400000| Untracked 
| 357|0x0000000096500000, 0x0000000096500000, 0x0000000096600000|  0%| F|  |TAMS 0x0000000096500000| PB 0x0000000096500000| Untracked 
| 358|0x0000000096600000, 0x0000000096600000, 0x0000000096700000|  0%| F|  |TAMS 0x0000000096600000| PB 0x0000000096600000| Untracked 
| 359|0x0000000096700000, 0x0000000096700000, 0x0000000096800000|  0%| F|  |TAMS 0x0000000096700000| PB 0x0000000096700000| Untracked 
| 360|0x0000000096800000, 0x0000000096800000, 0x0000000096900000|  0%| F|  |TAMS 0x0000000096800000| PB 0x0000000096800000| Untracked 
| 361|0x0000000096900000, 0x0000000096900000, 0x0000000096a00000|  0%| F|  |TAMS 0x0000000096900000| PB 0x0000000096900000| Untracked 
| 362|0x0000000096a00000, 0x0000000096a00000, 0x0000000096b00000|  0%| F|  |TAMS 0x0000000096a00000| PB 0x0000000096a00000| Untracked 
| 363|0x0000000096b00000, 0x0000000096b00000, 0x0000000096c00000|  0%| F|  |TAMS 0x0000000096b00000| PB 0x0000000096b00000| Untracked 
| 364|0x0000000096c00000, 0x0000000096c00000, 0x0000000096d00000|  0%| F|  |TAMS 0x0000000096c00000| PB 0x0000000096c00000| Untracked 
| 365|0x0000000096d00000, 0x0000000096d00000, 0x0000000096e00000|  0%| F|  |TAMS 0x0000000096d00000| PB 0x0000000096d00000| Untracked 
| 366|0x0000000096e00000, 0x0000000096e00000, 0x0000000096f00000|  0%| F|  |TAMS 0x0000000096e00000| PB 0x0000000096e00000| Untracked 
| 367|0x0000000096f00000, 0x0000000096f00000, 0x0000000097000000|  0%| F|  |TAMS 0x0000000096f00000| PB 0x0000000096f00000| Untracked 
| 368|0x0000000097000000, 0x0000000097000000, 0x0000000097100000|  0%| F|  |TAMS 0x0000000097000000| PB 0x0000000097000000| Untracked 
| 369|0x0000000097100000, 0x0000000097100000, 0x0000000097200000|  0%| F|  |TAMS 0x0000000097100000| PB 0x0000000097100000| Untracked 
| 370|0x0000000097200000, 0x0000000097200000, 0x0000000097300000|  0%| F|  |TAMS 0x0000000097200000| PB 0x0000000097200000| Untracked 
| 371|0x0000000097300000, 0x0000000097300000, 0x0000000097400000|  0%| F|  |TAMS 0x0000000097300000| PB 0x0000000097300000| Untracked 
| 372|0x0000000097400000, 0x0000000097400000, 0x0000000097500000|  0%| F|  |TAMS 0x0000000097400000| PB 0x0000000097400000| Untracked 
| 373|0x0000000097500000, 0x0000000097500000, 0x0000000097600000|  0%| F|  |TAMS 0x0000000097500000| PB 0x0000000097500000| Untracked 
| 374|0x0000000097600000, 0x0000000097600000, 0x0000000097700000|  0%| F|  |TAMS 0x0000000097600000| PB 0x0000000097600000| Untracked 
| 375|0x0000000097700000, 0x0000000097700000, 0x0000000097800000|  0%| F|  |TAMS 0x0000000097700000| PB 0x0000000097700000| Untracked 
| 376|0x0000000097800000, 0x0000000097800000, 0x0000000097900000|  0%| F|  |TAMS 0x0000000097800000| PB 0x0000000097800000| Untracked 
| 377|0x0000000097900000, 0x0000000097900000, 0x0000000097a00000|  0%| F|  |TAMS 0x0000000097900000| PB 0x0000000097900000| Untracked 
| 378|0x0000000097a00000, 0x0000000097a00000, 0x0000000097b00000|  0%| F|  |TAMS 0x0000000097a00000| PB 0x0000000097a00000| Untracked 
| 379|0x0000000097b00000, 0x0000000097b00000, 0x0000000097c00000|  0%| F|  |TAMS 0x0000000097b00000| PB 0x0000000097b00000| Untracked 
| 380|0x0000000097c00000, 0x0000000097c00000, 0x0000000097d00000|  0%| F|  |TAMS 0x0000000097c00000| PB 0x0000000097c00000| Untracked 
| 381|0x0000000097d00000, 0x0000000097d00000, 0x0000000097e00000|  0%| F|  |TAMS 0x0000000097d00000| PB 0x0000000097d00000| Untracked 
| 382|0x0000000097e00000, 0x0000000097e00000, 0x0000000097f00000|  0%| F|  |TAMS 0x0000000097e00000| PB 0x0000000097e00000| Untracked 
| 383|0x0000000097f00000, 0x0000000097f00000, 0x0000000098000000|  0%| F|  |TAMS 0x0000000097f00000| PB 0x0000000097f00000| Untracked 
| 384|0x0000000098000000, 0x0000000098000000, 0x0000000098100000|  0%| F|  |TAMS 0x0000000098000000| PB 0x0000000098000000| Untracked 
| 385|0x0000000098100000, 0x0000000098100000, 0x0000000098200000|  0%| F|  |TAMS 0x0000000098100000| PB 0x0000000098100000| Untracked 
| 386|0x0000000098200000, 0x0000000098200000, 0x0000000098300000|  0%| F|  |TAMS 0x0000000098200000| PB 0x0000000098200000| Untracked 
| 387|0x0000000098300000, 0x0000000098300000, 0x0000000098400000|  0%| F|  |TAMS 0x0000000098300000| PB 0x0000000098300000| Untracked 
| 388|0x0000000098400000, 0x0000000098400000, 0x0000000098500000|  0%| F|  |TAMS 0x0000000098400000| PB 0x0000000098400000| Untracked 
| 389|0x0000000098500000, 0x0000000098500000, 0x0000000098600000|  0%| F|  |TAMS 0x0000000098500000| PB 0x0000000098500000| Untracked 
| 390|0x0000000098600000, 0x0000000098600000, 0x0000000098700000|  0%| F|  |TAMS 0x0000000098600000| PB 0x0000000098600000| Untracked 
| 391|0x0000000098700000, 0x0000000098700000, 0x0000000098800000|  0%| F|  |TAMS 0x0000000098700000| PB 0x0000000098700000| Untracked 
| 392|0x0000000098800000, 0x0000000098800000, 0x0000000098900000|  0%| F|  |TAMS 0x0000000098800000| PB 0x0000000098800000| Untracked 
| 393|0x0000000098900000, 0x0000000098900000, 0x0000000098a00000|  0%| F|  |TAMS 0x0000000098900000| PB 0x0000000098900000| Untracked 
| 394|0x0000000098a00000, 0x0000000098a00000, 0x0000000098b00000|  0%| F|  |TAMS 0x0000000098a00000| PB 0x0000000098a00000| Untracked 
| 395|0x0000000098b00000, 0x0000000098b00000, 0x0000000098c00000|  0%| F|  |TAMS 0x0000000098b00000| PB 0x0000000098b00000| Untracked 
| 396|0x0000000098c00000, 0x0000000098c00000, 0x0000000098d00000|  0%| F|  |TAMS 0x0000000098c00000| PB 0x0000000098c00000| Untracked 
| 397|0x0000000098d00000, 0x0000000098d00000, 0x0000000098e00000|  0%| F|  |TAMS 0x0000000098d00000| PB 0x0000000098d00000| Untracked 
| 398|0x0000000098e00000, 0x0000000098e00000, 0x0000000098f00000|  0%| F|  |TAMS 0x0000000098e00000| PB 0x0000000098e00000| Untracked 
| 399|0x0000000098f00000, 0x0000000098f00000, 0x0000000099000000|  0%| F|  |TAMS 0x0000000098f00000| PB 0x0000000098f00000| Untracked 
| 400|0x0000000099000000, 0x0000000099000000, 0x0000000099100000|  0%| F|  |TAMS 0x0000000099000000| PB 0x0000000099000000| Untracked 
| 401|0x0000000099100000, 0x0000000099100000, 0x0000000099200000|  0%| F|  |TAMS 0x0000000099100000| PB 0x0000000099100000| Untracked 
| 402|0x0000000099200000, 0x0000000099200000, 0x0000000099300000|  0%| F|  |TAMS 0x0000000099200000| PB 0x0000000099200000| Untracked 
| 403|0x0000000099300000, 0x0000000099300000, 0x0000000099400000|  0%| F|  |TAMS 0x0000000099300000| PB 0x0000000099300000| Untracked 
| 404|0x0000000099400000, 0x0000000099400000, 0x0000000099500000|  0%| F|  |TAMS 0x0000000099400000| PB 0x0000000099400000| Untracked 
| 405|0x0000000099500000, 0x0000000099500000, 0x0000000099600000|  0%| F|  |TAMS 0x0000000099500000| PB 0x0000000099500000| Untracked 
| 406|0x0000000099600000, 0x0000000099600000, 0x0000000099700000|  0%| F|  |TAMS 0x0000000099600000| PB 0x0000000099600000| Untracked 
| 407|0x0000000099700000, 0x0000000099700000, 0x0000000099800000|  0%| F|  |TAMS 0x0000000099700000| PB 0x0000000099700000| Untracked 
| 408|0x0000000099800000, 0x0000000099800000, 0x0000000099900000|  0%| F|  |TAMS 0x0000000099800000| PB 0x0000000099800000| Untracked 
| 409|0x0000000099900000, 0x0000000099900000, 0x0000000099a00000|  0%| F|  |TAMS 0x0000000099900000| PB 0x0000000099900000| Untracked 
| 410|0x0000000099a00000, 0x0000000099a00000, 0x0000000099b00000|  0%| F|  |TAMS 0x0000000099a00000| PB 0x0000000099a00000| Untracked 
| 411|0x0000000099b00000, 0x0000000099b00000, 0x0000000099c00000|  0%| F|  |TAMS 0x0000000099b00000| PB 0x0000000099b00000| Untracked 
| 412|0x0000000099c00000, 0x0000000099c00000, 0x0000000099d00000|  0%| F|  |TAMS 0x0000000099c00000| PB 0x0000000099c00000| Untracked 
| 413|0x0000000099d00000, 0x0000000099d00000, 0x0000000099e00000|  0%| F|  |TAMS 0x0000000099d00000| PB 0x0000000099d00000| Untracked 
| 414|0x0000000099e00000, 0x0000000099e00000, 0x0000000099f00000|  0%| F|  |TAMS 0x0000000099e00000| PB 0x0000000099e00000| Untracked 
| 415|0x0000000099f00000, 0x0000000099f00000, 0x000000009a000000|  0%| F|  |TAMS 0x0000000099f00000| PB 0x0000000099f00000| Untracked 
| 416|0x000000009a000000, 0x000000009a000000, 0x000000009a100000|  0%| F|  |TAMS 0x000000009a000000| PB 0x000000009a000000| Untracked 
| 417|0x000000009a100000, 0x000000009a100000, 0x000000009a200000|  0%| F|  |TAMS 0x000000009a100000| PB 0x000000009a100000| Untracked 
| 418|0x000000009a200000, 0x000000009a200000, 0x000000009a300000|  0%| F|  |TAMS 0x000000009a200000| PB 0x000000009a200000| Untracked 
| 419|0x000000009a300000, 0x000000009a300000, 0x000000009a400000|  0%| F|  |TAMS 0x000000009a300000| PB 0x000000009a300000| Untracked 
| 420|0x000000009a400000, 0x000000009a400000, 0x000000009a500000|  0%| F|  |TAMS 0x000000009a400000| PB 0x000000009a400000| Untracked 
| 421|0x000000009a500000, 0x000000009a500000, 0x000000009a600000|  0%| F|  |TAMS 0x000000009a500000| PB 0x000000009a500000| Untracked 
| 422|0x000000009a600000, 0x000000009a600000, 0x000000009a700000|  0%| F|  |TAMS 0x000000009a600000| PB 0x000000009a600000| Untracked 
| 423|0x000000009a700000, 0x000000009a700000, 0x000000009a800000|  0%| F|  |TAMS 0x000000009a700000| PB 0x000000009a700000| Untracked 
| 424|0x000000009a800000, 0x000000009a800000, 0x000000009a900000|  0%| F|  |TAMS 0x000000009a800000| PB 0x000000009a800000| Untracked 
| 425|0x000000009a900000, 0x000000009a900000, 0x000000009aa00000|  0%| F|  |TAMS 0x000000009a900000| PB 0x000000009a900000| Untracked 
| 426|0x000000009aa00000, 0x000000009aa00000, 0x000000009ab00000|  0%| F|  |TAMS 0x000000009aa00000| PB 0x000000009aa00000| Untracked 
| 427|0x000000009ab00000, 0x000000009ab00000, 0x000000009ac00000|  0%| F|  |TAMS 0x000000009ab00000| PB 0x000000009ab00000| Untracked 
| 428|0x000000009ac00000, 0x000000009ac00000, 0x000000009ad00000|  0%| F|  |TAMS 0x000000009ac00000| PB 0x000000009ac00000| Untracked 
| 429|0x000000009ad00000, 0x000000009ad00000, 0x000000009ae00000|  0%| F|  |TAMS 0x000000009ad00000| PB 0x000000009ad00000| Untracked 
| 430|0x000000009ae00000, 0x000000009ae00000, 0x000000009af00000|  0%| F|  |TAMS 0x000000009ae00000| PB 0x000000009ae00000| Untracked 
| 431|0x000000009af00000, 0x000000009af00000, 0x000000009b000000|  0%| F|  |TAMS 0x000000009af00000| PB 0x000000009af00000| Untracked 
| 432|0x000000009b000000, 0x000000009b000000, 0x000000009b100000|  0%| F|  |TAMS 0x000000009b000000| PB 0x000000009b000000| Untracked 
| 433|0x000000009b100000, 0x000000009b100000, 0x000000009b200000|  0%| F|  |TAMS 0x000000009b100000| PB 0x000000009b100000| Untracked 
| 434|0x000000009b200000, 0x000000009b200000, 0x000000009b300000|  0%| F|  |TAMS 0x000000009b200000| PB 0x000000009b200000| Untracked 
| 435|0x000000009b300000, 0x000000009b300000, 0x000000009b400000|  0%| F|  |TAMS 0x000000009b300000| PB 0x000000009b300000| Untracked 
| 436|0x000000009b400000, 0x000000009b400000, 0x000000009b500000|  0%| F|  |TAMS 0x000000009b400000| PB 0x000000009b400000| Untracked 
| 437|0x000000009b500000, 0x000000009b500000, 0x000000009b600000|  0%| F|  |TAMS 0x000000009b500000| PB 0x000000009b500000| Untracked 
| 438|0x000000009b600000, 0x000000009b600000, 0x000000009b700000|  0%| F|  |TAMS 0x000000009b600000| PB 0x000000009b600000| Untracked 
| 439|0x000000009b700000, 0x000000009b700000, 0x000000009b800000|  0%| F|  |TAMS 0x000000009b700000| PB 0x000000009b700000| Untracked 
| 440|0x000000009b800000, 0x000000009b800000, 0x000000009b900000|  0%| F|  |TAMS 0x000000009b800000| PB 0x000000009b800000| Untracked 
| 441|0x000000009b900000, 0x000000009b900000, 0x000000009ba00000|  0%| F|  |TAMS 0x000000009b900000| PB 0x000000009b900000| Untracked 
| 442|0x000000009ba00000, 0x000000009ba00000, 0x000000009bb00000|  0%| F|  |TAMS 0x000000009ba00000| PB 0x000000009ba00000| Untracked 
| 443|0x000000009bb00000, 0x000000009bb00000, 0x000000009bc00000|  0%| F|  |TAMS 0x000000009bb00000| PB 0x000000009bb00000| Untracked 
| 444|0x000000009bc00000, 0x000000009bc00000, 0x000000009bd00000|  0%| F|  |TAMS 0x000000009bc00000| PB 0x000000009bc00000| Untracked 
| 445|0x000000009bd00000, 0x000000009bd00000, 0x000000009be00000|  0%| F|  |TAMS 0x000000009bd00000| PB 0x000000009bd00000| Untracked 
| 446|0x000000009be00000, 0x000000009be00000, 0x000000009bf00000|  0%| F|  |TAMS 0x000000009be00000| PB 0x000000009be00000| Untracked 
| 447|0x000000009bf00000, 0x000000009bf00000, 0x000000009c000000|  0%| F|  |TAMS 0x000000009bf00000| PB 0x000000009bf00000| Untracked 
| 448|0x000000009c000000, 0x000000009c000000, 0x000000009c100000|  0%| F|  |TAMS 0x000000009c000000| PB 0x000000009c000000| Untracked 
| 449|0x000000009c100000, 0x000000009c100000, 0x000000009c200000|  0%| F|  |TAMS 0x000000009c100000| PB 0x000000009c100000| Untracked 
| 450|0x000000009c200000, 0x000000009c200000, 0x000000009c300000|  0%| F|  |TAMS 0x000000009c200000| PB 0x000000009c200000| Untracked 
| 451|0x000000009c300000, 0x000000009c300000, 0x000000009c400000|  0%| F|  |TAMS 0x000000009c300000| PB 0x000000009c300000| Untracked 
| 452|0x000000009c400000, 0x000000009c400000, 0x000000009c500000|  0%| F|  |TAMS 0x000000009c400000| PB 0x000000009c400000| Untracked 
| 453|0x000000009c500000, 0x000000009c500000, 0x000000009c600000|  0%| F|  |TAMS 0x000000009c500000| PB 0x000000009c500000| Untracked 
| 454|0x000000009c600000, 0x000000009c600000, 0x000000009c700000|  0%| F|  |TAMS 0x000000009c600000| PB 0x000000009c600000| Untracked 
| 455|0x000000009c700000, 0x000000009c700000, 0x000000009c800000|  0%| F|  |TAMS 0x000000009c700000| PB 0x000000009c700000| Untracked 
| 456|0x000000009c800000, 0x000000009c800000, 0x000000009c900000|  0%| F|  |TAMS 0x000000009c800000| PB 0x000000009c800000| Untracked 
| 457|0x000000009c900000, 0x000000009c900000, 0x000000009ca00000|  0%| F|  |TAMS 0x000000009c900000| PB 0x000000009c900000| Untracked 
| 458|0x000000009ca00000, 0x000000009ca00000, 0x000000009cb00000|  0%| F|  |TAMS 0x000000009ca00000| PB 0x000000009ca00000| Untracked 
| 459|0x000000009cb00000, 0x000000009cb00000, 0x000000009cc00000|  0%| F|  |TAMS 0x000000009cb00000| PB 0x000000009cb00000| Untracked 
| 460|0x000000009cc00000, 0x000000009cc00000, 0x000000009cd00000|  0%| F|  |TAMS 0x000000009cc00000| PB 0x000000009cc00000| Untracked 
| 461|0x000000009cd00000, 0x000000009cd00000, 0x000000009ce00000|  0%| F|  |TAMS 0x000000009cd00000| PB 0x000000009cd00000| Untracked 
| 462|0x000000009ce00000, 0x000000009ce00000, 0x000000009cf00000|  0%| F|  |TAMS 0x000000009ce00000| PB 0x000000009ce00000| Untracked 
| 463|0x000000009cf00000, 0x000000009cf00000, 0x000000009d000000|  0%| F|  |TAMS 0x000000009cf00000| PB 0x000000009cf00000| Untracked 
| 464|0x000000009d000000, 0x000000009d000000, 0x000000009d100000|  0%| F|  |TAMS 0x000000009d000000| PB 0x000000009d000000| Untracked 
| 465|0x000000009d100000, 0x000000009d100000, 0x000000009d200000|  0%| F|  |TAMS 0x000000009d100000| PB 0x000000009d100000| Untracked 
| 466|0x000000009d200000, 0x000000009d200000, 0x000000009d300000|  0%| F|  |TAMS 0x000000009d200000| PB 0x000000009d200000| Untracked 
| 467|0x000000009d300000, 0x000000009d300000, 0x000000009d400000|  0%| F|  |TAMS 0x000000009d300000| PB 0x000000009d300000| Untracked 
| 468|0x000000009d400000, 0x000000009d400000, 0x000000009d500000|  0%| F|  |TAMS 0x000000009d400000| PB 0x000000009d400000| Untracked 
| 469|0x000000009d500000, 0x000000009d500000, 0x000000009d600000|  0%| F|  |TAMS 0x000000009d500000| PB 0x000000009d500000| Untracked 
| 470|0x000000009d600000, 0x000000009d600000, 0x000000009d700000|  0%| F|  |TAMS 0x000000009d600000| PB 0x000000009d600000| Untracked 
| 471|0x000000009d700000, 0x000000009d700000, 0x000000009d800000|  0%| F|  |TAMS 0x000000009d700000| PB 0x000000009d700000| Untracked 
| 472|0x000000009d800000, 0x000000009d800000, 0x000000009d900000|  0%| F|  |TAMS 0x000000009d800000| PB 0x000000009d800000| Untracked 
| 473|0x000000009d900000, 0x000000009d900000, 0x000000009da00000|  0%| F|  |TAMS 0x000000009d900000| PB 0x000000009d900000| Untracked 
| 474|0x000000009da00000, 0x000000009da00000, 0x000000009db00000|  0%| F|  |TAMS 0x000000009da00000| PB 0x000000009da00000| Untracked 
| 475|0x000000009db00000, 0x000000009db00000, 0x000000009dc00000|  0%| F|  |TAMS 0x000000009db00000| PB 0x000000009db00000| Untracked 
| 476|0x000000009dc00000, 0x000000009dc00000, 0x000000009dd00000|  0%| F|  |TAMS 0x000000009dc00000| PB 0x000000009dc00000| Untracked 
| 477|0x000000009dd00000, 0x000000009dd00000, 0x000000009de00000|  0%| F|  |TAMS 0x000000009dd00000| PB 0x000000009dd00000| Untracked 
| 478|0x000000009de00000, 0x000000009de00000, 0x000000009df00000|  0%| F|  |TAMS 0x000000009de00000| PB 0x000000009de00000| Untracked 
| 479|0x000000009df00000, 0x000000009df00000, 0x000000009e000000|  0%| F|  |TAMS 0x000000009df00000| PB 0x000000009df00000| Untracked 
| 480|0x000000009e000000, 0x000000009e000000, 0x000000009e100000|  0%| F|  |TAMS 0x000000009e000000| PB 0x000000009e000000| Untracked 
| 481|0x000000009e100000, 0x000000009e100000, 0x000000009e200000|  0%| F|  |TAMS 0x000000009e100000| PB 0x000000009e100000| Untracked 
| 482|0x000000009e200000, 0x000000009e200000, 0x000000009e300000|  0%| F|  |TAMS 0x000000009e200000| PB 0x000000009e200000| Untracked 
| 483|0x000000009e300000, 0x000000009e300000, 0x000000009e400000|  0%| F|  |TAMS 0x000000009e300000| PB 0x000000009e300000| Untracked 
| 484|0x000000009e400000, 0x000000009e400000, 0x000000009e500000|  0%| F|  |TAMS 0x000000009e400000| PB 0x000000009e400000| Untracked 
| 485|0x000000009e500000, 0x000000009e500000, 0x000000009e600000|  0%| F|  |TAMS 0x000000009e500000| PB 0x000000009e500000| Untracked 
| 486|0x000000009e600000, 0x000000009e600000, 0x000000009e700000|  0%| F|  |TAMS 0x000000009e600000| PB 0x000000009e600000| Untracked 
| 487|0x000000009e700000, 0x000000009e700000, 0x000000009e800000|  0%| F|  |TAMS 0x000000009e700000| PB 0x000000009e700000| Untracked 
| 488|0x000000009e800000, 0x000000009e800000, 0x000000009e900000|  0%| F|  |TAMS 0x000000009e800000| PB 0x000000009e800000| Untracked 
| 489|0x000000009e900000, 0x000000009e900000, 0x000000009ea00000|  0%| F|  |TAMS 0x000000009e900000| PB 0x000000009e900000| Untracked 
| 490|0x000000009ea00000, 0x000000009ea00000, 0x000000009eb00000|  0%| F|  |TAMS 0x000000009ea00000| PB 0x000000009ea00000| Untracked 
| 491|0x000000009eb00000, 0x000000009eb00000, 0x000000009ec00000|  0%| F|  |TAMS 0x000000009eb00000| PB 0x000000009eb00000| Untracked 
| 492|0x000000009ec00000, 0x000000009ec00000, 0x000000009ed00000|  0%| F|  |TAMS 0x000000009ec00000| PB 0x000000009ec00000| Untracked 
| 493|0x000000009ed00000, 0x000000009ed00000, 0x000000009ee00000|  0%| F|  |TAMS 0x000000009ed00000| PB 0x000000009ed00000| Untracked 
| 494|0x000000009ee00000, 0x000000009ee00000, 0x000000009ef00000|  0%| F|  |TAMS 0x000000009ee00000| PB 0x000000009ee00000| Untracked 
| 495|0x000000009ef00000, 0x000000009ef00000, 0x000000009f000000|  0%| F|  |TAMS 0x000000009ef00000| PB 0x000000009ef00000| Untracked 
| 496|0x000000009f000000, 0x000000009f000000, 0x000000009f100000|  0%| F|  |TAMS 0x000000009f000000| PB 0x000000009f000000| Untracked 
| 497|0x000000009f100000, 0x000000009f100000, 0x000000009f200000|  0%| F|  |TAMS 0x000000009f100000| PB 0x000000009f100000| Untracked 
| 498|0x000000009f200000, 0x000000009f200000, 0x000000009f300000|  0%| F|  |TAMS 0x000000009f200000| PB 0x000000009f200000| Untracked 
| 499|0x000000009f300000, 0x000000009f300000, 0x000000009f400000|  0%| F|  |TAMS 0x000000009f300000| PB 0x000000009f300000| Untracked 
| 500|0x000000009f400000, 0x000000009f400000, 0x000000009f500000|  0%| F|  |TAMS 0x000000009f400000| PB 0x000000009f400000| Untracked 
| 501|0x000000009f500000, 0x000000009f500000, 0x000000009f600000|  0%| F|  |TAMS 0x000000009f500000| PB 0x000000009f500000| Untracked 
| 502|0x000000009f600000, 0x000000009f600000, 0x000000009f700000|  0%| F|  |TAMS 0x000000009f600000| PB 0x000000009f600000| Untracked 
| 503|0x000000009f700000, 0x000000009f700000, 0x000000009f800000|  0%| F|  |TAMS 0x000000009f700000| PB 0x000000009f700000| Untracked 
| 504|0x000000009f800000, 0x000000009f800000, 0x000000009f900000|  0%| F|  |TAMS 0x000000009f800000| PB 0x000000009f800000| Untracked 
| 505|0x000000009f900000, 0x000000009f900000, 0x000000009fa00000|  0%| F|  |TAMS 0x000000009f900000| PB 0x000000009f900000| Untracked 
| 506|0x000000009fa00000, 0x000000009fa00000, 0x000000009fb00000|  0%| F|  |TAMS 0x000000009fa00000| PB 0x000000009fa00000| Untracked 
| 507|0x000000009fb00000, 0x000000009fb00000, 0x000000009fc00000|  0%| F|  |TAMS 0x000000009fb00000| PB 0x000000009fb00000| Untracked 
| 508|0x000000009fc00000, 0x000000009fc00000, 0x000000009fd00000|  0%| F|  |TAMS 0x000000009fc00000| PB 0x000000009fc00000| Untracked 
| 509|0x000000009fd00000, 0x000000009fd00000, 0x000000009fe00000|  0%| F|  |TAMS 0x000000009fd00000| PB 0x000000009fd00000| Untracked 
| 510|0x000000009fe00000, 0x000000009fe00000, 0x000000009ff00000|  0%| F|  |TAMS 0x000000009fe00000| PB 0x000000009fe00000| Untracked 
| 511|0x000000009ff00000, 0x000000009ff00000, 0x00000000a0000000|  0%| F|  |TAMS 0x000000009ff00000| PB 0x000000009ff00000| Untracked 
| 512|0x00000000a0000000, 0x00000000a0000000, 0x00000000a0100000|  0%| F|  |TAMS 0x00000000a0000000| PB 0x00000000a0000000| Untracked 
| 513|0x00000000a0100000, 0x00000000a0100000, 0x00000000a0200000|  0%| F|  |TAMS 0x00000000a0100000| PB 0x00000000a0100000| Untracked 
| 514|0x00000000a0200000, 0x00000000a0200000, 0x00000000a0300000|  0%| F|  |TAMS 0x00000000a0200000| PB 0x00000000a0200000| Untracked 
| 515|0x00000000a0300000, 0x00000000a0300000, 0x00000000a0400000|  0%| F|  |TAMS 0x00000000a0300000| PB 0x00000000a0300000| Untracked 
| 516|0x00000000a0400000, 0x00000000a0400000, 0x00000000a0500000|  0%| F|  |TAMS 0x00000000a0400000| PB 0x00000000a0400000| Untracked 
| 517|0x00000000a0500000, 0x00000000a0500000, 0x00000000a0600000|  0%| F|  |TAMS 0x00000000a0500000| PB 0x00000000a0500000| Untracked 
| 518|0x00000000a0600000, 0x00000000a0600000, 0x00000000a0700000|  0%| F|  |TAMS 0x00000000a0600000| PB 0x00000000a0600000| Untracked 
| 519|0x00000000a0700000, 0x00000000a0700000, 0x00000000a0800000|  0%| F|  |TAMS 0x00000000a0700000| PB 0x00000000a0700000| Untracked 
| 520|0x00000000a0800000, 0x00000000a0800000, 0x00000000a0900000|  0%| F|  |TAMS 0x00000000a0800000| PB 0x00000000a0800000| Untracked 
| 521|0x00000000a0900000, 0x00000000a0900000, 0x00000000a0a00000|  0%| F|  |TAMS 0x00000000a0900000| PB 0x00000000a0900000| Untracked 
| 522|0x00000000a0a00000, 0x00000000a0a00000, 0x00000000a0b00000|  0%| F|  |TAMS 0x00000000a0a00000| PB 0x00000000a0a00000| Untracked 
| 523|0x00000000a0b00000, 0x00000000a0b00000, 0x00000000a0c00000|  0%| F|  |TAMS 0x00000000a0b00000| PB 0x00000000a0b00000| Untracked 
| 524|0x00000000a0c00000, 0x00000000a0c00000, 0x00000000a0d00000|  0%| F|  |TAMS 0x00000000a0c00000| PB 0x00000000a0c00000| Untracked 
| 525|0x00000000a0d00000, 0x00000000a0d00000, 0x00000000a0e00000|  0%| F|  |TAMS 0x00000000a0d00000| PB 0x00000000a0d00000| Untracked 
| 526|0x00000000a0e00000, 0x00000000a0e00000, 0x00000000a0f00000|  0%| F|  |TAMS 0x00000000a0e00000| PB 0x00000000a0e00000| Untracked 
| 527|0x00000000a0f00000, 0x00000000a0f00000, 0x00000000a1000000|  0%| F|  |TAMS 0x00000000a0f00000| PB 0x00000000a0f00000| Untracked 
| 528|0x00000000a1000000, 0x00000000a1000000, 0x00000000a1100000|  0%| F|  |TAMS 0x00000000a1000000| PB 0x00000000a1000000| Untracked 
| 529|0x00000000a1100000, 0x00000000a1100000, 0x00000000a1200000|  0%| F|  |TAMS 0x00000000a1100000| PB 0x00000000a1100000| Untracked 
| 530|0x00000000a1200000, 0x00000000a1200000, 0x00000000a1300000|  0%| F|  |TAMS 0x00000000a1200000| PB 0x00000000a1200000| Untracked 
| 531|0x00000000a1300000, 0x00000000a1300000, 0x00000000a1400000|  0%| F|  |TAMS 0x00000000a1300000| PB 0x00000000a1300000| Untracked 
| 532|0x00000000a1400000, 0x00000000a1400000, 0x00000000a1500000|  0%| F|  |TAMS 0x00000000a1400000| PB 0x00000000a1400000| Untracked 
| 533|0x00000000a1500000, 0x00000000a1500000, 0x00000000a1600000|  0%| F|  |TAMS 0x00000000a1500000| PB 0x00000000a1500000| Untracked 
| 534|0x00000000a1600000, 0x00000000a1600000, 0x00000000a1700000|  0%| F|  |TAMS 0x00000000a1600000| PB 0x00000000a1600000| Untracked 
| 535|0x00000000a1700000, 0x00000000a1700000, 0x00000000a1800000|  0%| F|  |TAMS 0x00000000a1700000| PB 0x00000000a1700000| Untracked 
| 536|0x00000000a1800000, 0x00000000a1800000, 0x00000000a1900000|  0%| F|  |TAMS 0x00000000a1800000| PB 0x00000000a1800000| Untracked 
| 537|0x00000000a1900000, 0x00000000a1900000, 0x00000000a1a00000|  0%| F|  |TAMS 0x00000000a1900000| PB 0x00000000a1900000| Untracked 
| 538|0x00000000a1a00000, 0x00000000a1a00000, 0x00000000a1b00000|  0%| F|  |TAMS 0x00000000a1a00000| PB 0x00000000a1a00000| Untracked 
| 539|0x00000000a1b00000, 0x00000000a1b00000, 0x00000000a1c00000|  0%| F|  |TAMS 0x00000000a1b00000| PB 0x00000000a1b00000| Untracked 
| 540|0x00000000a1c00000, 0x00000000a1c00000, 0x00000000a1d00000|  0%| F|  |TAMS 0x00000000a1c00000| PB 0x00000000a1c00000| Untracked 
| 541|0x00000000a1d00000, 0x00000000a1d00000, 0x00000000a1e00000|  0%| F|  |TAMS 0x00000000a1d00000| PB 0x00000000a1d00000| Untracked 
| 542|0x00000000a1e00000, 0x00000000a1e00000, 0x00000000a1f00000|  0%| F|  |TAMS 0x00000000a1e00000| PB 0x00000000a1e00000| Untracked 
| 543|0x00000000a1f00000, 0x00000000a1f00000, 0x00000000a2000000|  0%| F|  |TAMS 0x00000000a1f00000| PB 0x00000000a1f00000| Untracked 
| 544|0x00000000a2000000, 0x00000000a2000000, 0x00000000a2100000|  0%| F|  |TAMS 0x00000000a2000000| PB 0x00000000a2000000| Untracked 
| 545|0x00000000a2100000, 0x00000000a2100000, 0x00000000a2200000|  0%| F|  |TAMS 0x00000000a2100000| PB 0x00000000a2100000| Untracked 
| 546|0x00000000a2200000, 0x00000000a2200000, 0x00000000a2300000|  0%| F|  |TAMS 0x00000000a2200000| PB 0x00000000a2200000| Untracked 
| 547|0x00000000a2300000, 0x00000000a2300000, 0x00000000a2400000|  0%| F|  |TAMS 0x00000000a2300000| PB 0x00000000a2300000| Untracked 
| 548|0x00000000a2400000, 0x00000000a2400000, 0x00000000a2500000|  0%| F|  |TAMS 0x00000000a2400000| PB 0x00000000a2400000| Untracked 
| 549|0x00000000a2500000, 0x00000000a2500000, 0x00000000a2600000|  0%| F|  |TAMS 0x00000000a2500000| PB 0x00000000a2500000| Untracked 
| 550|0x00000000a2600000, 0x00000000a2600000, 0x00000000a2700000|  0%| F|  |TAMS 0x00000000a2600000| PB 0x00000000a2600000| Untracked 
| 551|0x00000000a2700000, 0x00000000a2700000, 0x00000000a2800000|  0%| F|  |TAMS 0x00000000a2700000| PB 0x00000000a2700000| Untracked 
| 552|0x00000000a2800000, 0x00000000a2900000, 0x00000000a2900000|100%| O|  |TAMS 0x00000000a2900000| PB 0x00000000a2800000| Untracked 
| 553|0x00000000a2900000, 0x00000000a2900000, 0x00000000a2a00000|  0%| F|  |TAMS 0x00000000a2900000| PB 0x00000000a2900000| Untracked 
| 554|0x00000000a2a00000, 0x00000000a2a00000, 0x00000000a2b00000|  0%| F|  |TAMS 0x00000000a2a00000| PB 0x00000000a2a00000| Untracked 
| 555|0x00000000a2b00000, 0x00000000a2c00000, 0x00000000a2c00000|100%| O|  |TAMS 0x00000000a2c00000| PB 0x00000000a2b00000| Untracked 
| 556|0x00000000a2c00000, 0x00000000a2c00000, 0x00000000a2d00000|  0%| F|  |TAMS 0x00000000a2c00000| PB 0x00000000a2c00000| Untracked 
| 557|0x00000000a2d00000, 0x00000000a2d00000, 0x00000000a2e00000|  0%| F|  |TAMS 0x00000000a2d00000| PB 0x00000000a2d00000| Untracked 
| 558|0x00000000a2e00000, 0x00000000a2e00000, 0x00000000a2f00000|  0%| F|  |TAMS 0x00000000a2e00000| PB 0x00000000a2e00000| Untracked 
| 559|0x00000000a2f00000, 0x00000000a2f00000, 0x00000000a3000000|  0%| F|  |TAMS 0x00000000a2f00000| PB 0x00000000a2f00000| Untracked 
| 560|0x00000000a3000000, 0x00000000a3000000, 0x00000000a3100000|  0%| F|  |TAMS 0x00000000a3000000| PB 0x00000000a3000000| Untracked 
| 561|0x00000000a3100000, 0x00000000a3100000, 0x00000000a3200000|  0%| F|  |TAMS 0x00000000a3100000| PB 0x00000000a3100000| Untracked 
| 562|0x00000000a3200000, 0x00000000a3200000, 0x00000000a3300000|  0%| F|  |TAMS 0x00000000a3200000| PB 0x00000000a3200000| Untracked 
| 563|0x00000000a3300000, 0x00000000a3300000, 0x00000000a3400000|  0%| F|  |TAMS 0x00000000a3300000| PB 0x00000000a3300000| Untracked 
| 564|0x00000000a3400000, 0x00000000a3400000, 0x00000000a3500000|  0%| F|  |TAMS 0x00000000a3400000| PB 0x00000000a3400000| Untracked 
| 565|0x00000000a3500000, 0x00000000a3500000, 0x00000000a3600000|  0%| F|  |TAMS 0x00000000a3500000| PB 0x00000000a3500000| Untracked 
| 566|0x00000000a3600000, 0x00000000a3600000, 0x00000000a3700000|  0%| F|  |TAMS 0x00000000a3600000| PB 0x00000000a3600000| Untracked 
| 567|0x00000000a3700000, 0x00000000a3700000, 0x00000000a3800000|  0%| F|  |TAMS 0x00000000a3700000| PB 0x00000000a3700000| Untracked 
| 568|0x00000000a3800000, 0x00000000a3800000, 0x00000000a3900000|  0%| F|  |TAMS 0x00000000a3800000| PB 0x00000000a3800000| Untracked 
| 569|0x00000000a3900000, 0x00000000a3900000, 0x00000000a3a00000|  0%| F|  |TAMS 0x00000000a3900000| PB 0x00000000a3900000| Untracked 
| 570|0x00000000a3a00000, 0x00000000a3a00000, 0x00000000a3b00000|  0%| F|  |TAMS 0x00000000a3a00000| PB 0x00000000a3a00000| Untracked 
| 571|0x00000000a3b00000, 0x00000000a3b00000, 0x00000000a3c00000|  0%| F|  |TAMS 0x00000000a3b00000| PB 0x00000000a3b00000| Untracked 
| 572|0x00000000a3c00000, 0x00000000a3c00000, 0x00000000a3d00000|  0%| F|  |TAMS 0x00000000a3c00000| PB 0x00000000a3c00000| Untracked 
| 573|0x00000000a3d00000, 0x00000000a3d00000, 0x00000000a3e00000|  0%| F|  |TAMS 0x00000000a3d00000| PB 0x00000000a3d00000| Untracked 
| 574|0x00000000a3e00000, 0x00000000a3e00000, 0x00000000a3f00000|  0%| F|  |TAMS 0x00000000a3e00000| PB 0x00000000a3e00000| Untracked 
| 575|0x00000000a3f00000, 0x00000000a3f00000, 0x00000000a4000000|  0%| F|  |TAMS 0x00000000a3f00000| PB 0x00000000a3f00000| Untracked 
| 576|0x00000000a4000000, 0x00000000a4000000, 0x00000000a4100000|  0%| F|  |TAMS 0x00000000a4000000| PB 0x00000000a4000000| Untracked 
| 577|0x00000000a4100000, 0x00000000a4100000, 0x00000000a4200000|  0%| F|  |TAMS 0x00000000a4100000| PB 0x00000000a4100000| Untracked 
| 578|0x00000000a4200000, 0x00000000a4200000, 0x00000000a4300000|  0%| F|  |TAMS 0x00000000a4200000| PB 0x00000000a4200000| Untracked 
| 579|0x00000000a4300000, 0x00000000a4300000, 0x00000000a4400000|  0%| F|  |TAMS 0x00000000a4300000| PB 0x00000000a4300000| Untracked 
| 580|0x00000000a4400000, 0x00000000a4400000, 0x00000000a4500000|  0%| F|  |TAMS 0x00000000a4400000| PB 0x00000000a4400000| Untracked 
| 581|0x00000000a4500000, 0x00000000a4500000, 0x00000000a4600000|  0%| F|  |TAMS 0x00000000a4500000| PB 0x00000000a4500000| Untracked 
| 582|0x00000000a4600000, 0x00000000a4600000, 0x00000000a4700000|  0%| F|  |TAMS 0x00000000a4600000| PB 0x00000000a4600000| Untracked 
| 583|0x00000000a4700000, 0x00000000a4700000, 0x00000000a4800000|  0%| F|  |TAMS 0x00000000a4700000| PB 0x00000000a4700000| Untracked 
| 584|0x00000000a4800000, 0x00000000a4800000, 0x00000000a4900000|  0%| F|  |TAMS 0x00000000a4800000| PB 0x00000000a4800000| Untracked 
| 585|0x00000000a4900000, 0x00000000a4900000, 0x00000000a4a00000|  0%| F|  |TAMS 0x00000000a4900000| PB 0x00000000a4900000| Untracked 
| 586|0x00000000a4a00000, 0x00000000a4a00000, 0x00000000a4b00000|  0%| F|  |TAMS 0x00000000a4a00000| PB 0x00000000a4a00000| Untracked 
| 587|0x00000000a4b00000, 0x00000000a4b00000, 0x00000000a4c00000|  0%| F|  |TAMS 0x00000000a4b00000| PB 0x00000000a4b00000| Untracked 
| 588|0x00000000a4c00000, 0x00000000a4c00000, 0x00000000a4d00000|  0%| F|  |TAMS 0x00000000a4c00000| PB 0x00000000a4c00000| Untracked 
| 589|0x00000000a4d00000, 0x00000000a4d00000, 0x00000000a4e00000|  0%| F|  |TAMS 0x00000000a4d00000| PB 0x00000000a4d00000| Untracked 
| 590|0x00000000a4e00000, 0x00000000a4e00000, 0x00000000a4f00000|  0%| F|  |TAMS 0x00000000a4e00000| PB 0x00000000a4e00000| Untracked 
| 591|0x00000000a4f00000, 0x00000000a4f00000, 0x00000000a5000000|  0%| F|  |TAMS 0x00000000a4f00000| PB 0x00000000a4f00000| Untracked 
| 592|0x00000000a5000000, 0x00000000a5000000, 0x00000000a5100000|  0%| F|  |TAMS 0x00000000a5000000| PB 0x00000000a5000000| Untracked 
| 593|0x00000000a5100000, 0x00000000a5100000, 0x00000000a5200000|  0%| F|  |TAMS 0x00000000a5100000| PB 0x00000000a5100000| Untracked 
| 594|0x00000000a5200000, 0x00000000a5200000, 0x00000000a5300000|  0%| F|  |TAMS 0x00000000a5200000| PB 0x00000000a5200000| Untracked 
| 595|0x00000000a5300000, 0x00000000a5300000, 0x00000000a5400000|  0%| F|  |TAMS 0x00000000a5300000| PB 0x00000000a5300000| Untracked 
| 596|0x00000000a5400000, 0x00000000a5400000, 0x00000000a5500000|  0%| F|  |TAMS 0x00000000a5400000| PB 0x00000000a5400000| Untracked 
| 597|0x00000000a5500000, 0x00000000a5500000, 0x00000000a5600000|  0%| F|  |TAMS 0x00000000a5500000| PB 0x00000000a5500000| Untracked 
| 598|0x00000000a5600000, 0x00000000a5600000, 0x00000000a5700000|  0%| F|  |TAMS 0x00000000a5600000| PB 0x00000000a5600000| Untracked 
| 599|0x00000000a5700000, 0x00000000a5700000, 0x00000000a5800000|  0%| F|  |TAMS 0x00000000a5700000| PB 0x00000000a5700000| Untracked 
| 600|0x00000000a5800000, 0x00000000a5800000, 0x00000000a5900000|  0%| F|  |TAMS 0x00000000a5800000| PB 0x00000000a5800000| Untracked 
| 601|0x00000000a5900000, 0x00000000a5900000, 0x00000000a5a00000|  0%| F|  |TAMS 0x00000000a5900000| PB 0x00000000a5900000| Untracked 
| 602|0x00000000a5a00000, 0x00000000a5a00000, 0x00000000a5b00000|  0%| F|  |TAMS 0x00000000a5a00000| PB 0x00000000a5a00000| Untracked 
| 603|0x00000000a5b00000, 0x00000000a5b00000, 0x00000000a5c00000|  0%| F|  |TAMS 0x00000000a5b00000| PB 0x00000000a5b00000| Untracked 
| 604|0x00000000a5c00000, 0x00000000a5c00000, 0x00000000a5d00000|  0%| F|  |TAMS 0x00000000a5c00000| PB 0x00000000a5c00000| Untracked 
| 605|0x00000000a5d00000, 0x00000000a5d00000, 0x00000000a5e00000|  0%| F|  |TAMS 0x00000000a5d00000| PB 0x00000000a5d00000| Untracked 
| 606|0x00000000a5e00000, 0x00000000a5e00000, 0x00000000a5f00000|  0%| F|  |TAMS 0x00000000a5e00000| PB 0x00000000a5e00000| Untracked 
| 607|0x00000000a5f00000, 0x00000000a5f00000, 0x00000000a6000000|  0%| F|  |TAMS 0x00000000a5f00000| PB 0x00000000a5f00000| Untracked 
| 608|0x00000000a6000000, 0x00000000a6000000, 0x00000000a6100000|  0%| F|  |TAMS 0x00000000a6000000| PB 0x00000000a6000000| Untracked 
| 609|0x00000000a6100000, 0x00000000a6100000, 0x00000000a6200000|  0%| F|  |TAMS 0x00000000a6100000| PB 0x00000000a6100000| Untracked 
| 610|0x00000000a6200000, 0x00000000a6200000, 0x00000000a6300000|  0%| F|  |TAMS 0x00000000a6200000| PB 0x00000000a6200000| Untracked 
| 611|0x00000000a6300000, 0x00000000a6300000, 0x00000000a6400000|  0%| F|  |TAMS 0x00000000a6300000| PB 0x00000000a6300000| Untracked 
| 612|0x00000000a6400000, 0x00000000a6400000, 0x00000000a6500000|  0%| F|  |TAMS 0x00000000a6400000| PB 0x00000000a6400000| Untracked 
| 613|0x00000000a6500000, 0x00000000a6500000, 0x00000000a6600000|  0%| F|  |TAMS 0x00000000a6500000| PB 0x00000000a6500000| Untracked 
| 614|0x00000000a6600000, 0x00000000a6600000, 0x00000000a6700000|  0%| F|  |TAMS 0x00000000a6600000| PB 0x00000000a6600000| Untracked 
| 615|0x00000000a6700000, 0x00000000a6700000, 0x00000000a6800000|  0%| F|  |TAMS 0x00000000a6700000| PB 0x00000000a6700000| Untracked 
| 616|0x00000000a6800000, 0x00000000a6800000, 0x00000000a6900000|  0%| F|  |TAMS 0x00000000a6800000| PB 0x00000000a6800000| Untracked 
| 617|0x00000000a6900000, 0x00000000a6900000, 0x00000000a6a00000|  0%| F|  |TAMS 0x00000000a6900000| PB 0x00000000a6900000| Untracked 
| 618|0x00000000a6a00000, 0x00000000a6a00000, 0x00000000a6b00000|  0%| F|  |TAMS 0x00000000a6a00000| PB 0x00000000a6a00000| Untracked 
| 619|0x00000000a6b00000, 0x00000000a6b00000, 0x00000000a6c00000|  0%| F|  |TAMS 0x00000000a6b00000| PB 0x00000000a6b00000| Untracked 
| 620|0x00000000a6c00000, 0x00000000a6c00000, 0x00000000a6d00000|  0%| F|  |TAMS 0x00000000a6c00000| PB 0x00000000a6c00000| Untracked 
| 621|0x00000000a6d00000, 0x00000000a6d00000, 0x00000000a6e00000|  0%| F|  |TAMS 0x00000000a6d00000| PB 0x00000000a6d00000| Untracked 
| 622|0x00000000a6e00000, 0x00000000a6e00000, 0x00000000a6f00000|  0%| F|  |TAMS 0x00000000a6e00000| PB 0x00000000a6e00000| Untracked 
| 623|0x00000000a6f00000, 0x00000000a6f00000, 0x00000000a7000000|  0%| F|  |TAMS 0x00000000a6f00000| PB 0x00000000a6f00000| Untracked 
| 624|0x00000000a7000000, 0x00000000a7000000, 0x00000000a7100000|  0%| F|  |TAMS 0x00000000a7000000| PB 0x00000000a7000000| Untracked 
| 625|0x00000000a7100000, 0x00000000a7100000, 0x00000000a7200000|  0%| F|  |TAMS 0x00000000a7100000| PB 0x00000000a7100000| Untracked 
| 626|0x00000000a7200000, 0x00000000a7200000, 0x00000000a7300000|  0%| F|  |TAMS 0x00000000a7200000| PB 0x00000000a7200000| Untracked 
| 627|0x00000000a7300000, 0x00000000a7300000, 0x00000000a7400000|  0%| F|  |TAMS 0x00000000a7300000| PB 0x00000000a7300000| Untracked 
| 628|0x00000000a7400000, 0x00000000a7400000, 0x00000000a7500000|  0%| F|  |TAMS 0x00000000a7400000| PB 0x00000000a7400000| Untracked 
| 629|0x00000000a7500000, 0x00000000a7500000, 0x00000000a7600000|  0%| F|  |TAMS 0x00000000a7500000| PB 0x00000000a7500000| Untracked 
| 630|0x00000000a7600000, 0x00000000a7600000, 0x00000000a7700000|  0%| F|  |TAMS 0x00000000a7600000| PB 0x00000000a7600000| Untracked 
| 631|0x00000000a7700000, 0x00000000a7700000, 0x00000000a7800000|  0%| F|  |TAMS 0x00000000a7700000| PB 0x00000000a7700000| Untracked 
| 632|0x00000000a7800000, 0x00000000a7800000, 0x00000000a7900000|  0%| F|  |TAMS 0x00000000a7800000| PB 0x00000000a7800000| Untracked 
| 633|0x00000000a7900000, 0x00000000a7900000, 0x00000000a7a00000|  0%| F|  |TAMS 0x00000000a7900000| PB 0x00000000a7900000| Untracked 
| 634|0x00000000a7a00000, 0x00000000a7a00000, 0x00000000a7b00000|  0%| F|  |TAMS 0x00000000a7a00000| PB 0x00000000a7a00000| Untracked 
| 635|0x00000000a7b00000, 0x00000000a7b00000, 0x00000000a7c00000|  0%| F|  |TAMS 0x00000000a7b00000| PB 0x00000000a7b00000| Untracked 
| 636|0x00000000a7c00000, 0x00000000a7c00000, 0x00000000a7d00000|  0%| F|  |TAMS 0x00000000a7c00000| PB 0x00000000a7c00000| Untracked 
| 637|0x00000000a7d00000, 0x00000000a7d00000, 0x00000000a7e00000|  0%| F|  |TAMS 0x00000000a7d00000| PB 0x00000000a7d00000| Untracked 
| 638|0x00000000a7e00000, 0x00000000a7e00000, 0x00000000a7f00000|  0%| F|  |TAMS 0x00000000a7e00000| PB 0x00000000a7e00000| Untracked 
| 639|0x00000000a7f00000, 0x00000000a7f00000, 0x00000000a8000000|  0%| F|  |TAMS 0x00000000a7f00000| PB 0x00000000a7f00000| Untracked 
| 640|0x00000000a8000000, 0x00000000a8000000, 0x00000000a8100000|  0%| F|  |TAMS 0x00000000a8000000| PB 0x00000000a8000000| Untracked 
| 641|0x00000000a8100000, 0x00000000a8100000, 0x00000000a8200000|  0%| F|  |TAMS 0x00000000a8100000| PB 0x00000000a8100000| Untracked 
| 642|0x00000000a8200000, 0x00000000a8200000, 0x00000000a8300000|  0%| F|  |TAMS 0x00000000a8200000| PB 0x00000000a8200000| Untracked 
| 643|0x00000000a8300000, 0x00000000a8300000, 0x00000000a8400000|  0%| F|  |TAMS 0x00000000a8300000| PB 0x00000000a8300000| Untracked 
| 644|0x00000000a8400000, 0x00000000a8400000, 0x00000000a8500000|  0%| F|  |TAMS 0x00000000a8400000| PB 0x00000000a8400000| Untracked 
| 645|0x00000000a8500000, 0x00000000a8500000, 0x00000000a8600000|  0%| F|  |TAMS 0x00000000a8500000| PB 0x00000000a8500000| Untracked 
| 646|0x00000000a8600000, 0x00000000a8600000, 0x00000000a8700000|  0%| F|  |TAMS 0x00000000a8600000| PB 0x00000000a8600000| Untracked 
| 647|0x00000000a8700000, 0x00000000a8700000, 0x00000000a8800000|  0%| F|  |TAMS 0x00000000a8700000| PB 0x00000000a8700000| Untracked 
| 648|0x00000000a8800000, 0x00000000a8800000, 0x00000000a8900000|  0%| F|  |TAMS 0x00000000a8800000| PB 0x00000000a8800000| Untracked 
| 649|0x00000000a8900000, 0x00000000a8900000, 0x00000000a8a00000|  0%| F|  |TAMS 0x00000000a8900000| PB 0x00000000a8900000| Untracked 
| 650|0x00000000a8a00000, 0x00000000a8a00000, 0x00000000a8b00000|  0%| F|  |TAMS 0x00000000a8a00000| PB 0x00000000a8a00000| Untracked 
| 651|0x00000000a8b00000, 0x00000000a8b00000, 0x00000000a8c00000|  0%| F|  |TAMS 0x00000000a8b00000| PB 0x00000000a8b00000| Untracked 
| 652|0x00000000a8c00000, 0x00000000a8c00000, 0x00000000a8d00000|  0%| F|  |TAMS 0x00000000a8c00000| PB 0x00000000a8c00000| Untracked 
| 653|0x00000000a8d00000, 0x00000000a8d00000, 0x00000000a8e00000|  0%| F|  |TAMS 0x00000000a8d00000| PB 0x00000000a8d00000| Untracked 
| 654|0x00000000a8e00000, 0x00000000a8e00000, 0x00000000a8f00000|  0%| F|  |TAMS 0x00000000a8e00000| PB 0x00000000a8e00000| Untracked 
| 655|0x00000000a8f00000, 0x00000000a8f00000, 0x00000000a9000000|  0%| F|  |TAMS 0x00000000a8f00000| PB 0x00000000a8f00000| Untracked 
| 656|0x00000000a9000000, 0x00000000a9000000, 0x00000000a9100000|  0%| F|  |TAMS 0x00000000a9000000| PB 0x00000000a9000000| Untracked 
| 657|0x00000000a9100000, 0x00000000a9100000, 0x00000000a9200000|  0%| F|  |TAMS 0x00000000a9100000| PB 0x00000000a9100000| Untracked 
| 658|0x00000000a9200000, 0x00000000a9200000, 0x00000000a9300000|  0%| F|  |TAMS 0x00000000a9200000| PB 0x00000000a9200000| Untracked 
| 659|0x00000000a9300000, 0x00000000a9300000, 0x00000000a9400000|  0%| F|  |TAMS 0x00000000a9300000| PB 0x00000000a9300000| Untracked 
| 660|0x00000000a9400000, 0x00000000a9400000, 0x00000000a9500000|  0%| F|  |TAMS 0x00000000a9400000| PB 0x00000000a9400000| Untracked 
| 661|0x00000000a9500000, 0x00000000a9500000, 0x00000000a9600000|  0%| F|  |TAMS 0x00000000a9500000| PB 0x00000000a9500000| Untracked 
| 662|0x00000000a9600000, 0x00000000a9600000, 0x00000000a9700000|  0%| F|  |TAMS 0x00000000a9600000| PB 0x00000000a9600000| Untracked 
| 663|0x00000000a9700000, 0x00000000a9700000, 0x00000000a9800000|  0%| F|  |TAMS 0x00000000a9700000| PB 0x00000000a9700000| Untracked 
| 664|0x00000000a9800000, 0x00000000a9800000, 0x00000000a9900000|  0%| F|  |TAMS 0x00000000a9800000| PB 0x00000000a9800000| Untracked 
| 665|0x00000000a9900000, 0x00000000a9900000, 0x00000000a9a00000|  0%| F|  |TAMS 0x00000000a9900000| PB 0x00000000a9900000| Untracked 
| 666|0x00000000a9a00000, 0x00000000a9a00000, 0x00000000a9b00000|  0%| F|  |TAMS 0x00000000a9a00000| PB 0x00000000a9a00000| Untracked 
| 667|0x00000000a9b00000, 0x00000000a9b00000, 0x00000000a9c00000|  0%| F|  |TAMS 0x00000000a9b00000| PB 0x00000000a9b00000| Untracked 
| 668|0x00000000a9c00000, 0x00000000a9c00000, 0x00000000a9d00000|  0%| F|  |TAMS 0x00000000a9c00000| PB 0x00000000a9c00000| Untracked 
| 669|0x00000000a9d00000, 0x00000000a9d00000, 0x00000000a9e00000|  0%| F|  |TAMS 0x00000000a9d00000| PB 0x00000000a9d00000| Untracked 
| 670|0x00000000a9e00000, 0x00000000a9e00000, 0x00000000a9f00000|  0%| F|  |TAMS 0x00000000a9e00000| PB 0x00000000a9e00000| Untracked 
| 671|0x00000000a9f00000, 0x00000000a9f00000, 0x00000000aa000000|  0%| F|  |TAMS 0x00000000a9f00000| PB 0x00000000a9f00000| Untracked 
| 672|0x00000000aa000000, 0x00000000aa000000, 0x00000000aa100000|  0%| F|  |TAMS 0x00000000aa000000| PB 0x00000000aa000000| Untracked 
| 673|0x00000000aa100000, 0x00000000aa100000, 0x00000000aa200000|  0%| F|  |TAMS 0x00000000aa100000| PB 0x00000000aa100000| Untracked 
|2001|0x00000000fd100000, 0x00000000fd100000, 0x00000000fd200000|  0%| F|  |TAMS 0x00000000fd100000| PB 0x00000000fd100000| Untracked 
|2025|0x00000000fe900000, 0x00000000fea00000, 0x00000000fea00000|100%| O|  |TAMS 0x00000000fea00000| PB 0x00000000fe900000| Untracked 
|2026|0x00000000fea00000, 0x00000000feb00000, 0x00000000feb00000|100%| O|  |TAMS 0x00000000feb00000| PB 0x00000000fea00000| Untracked 
|2027|0x00000000feb00000, 0x00000000fec00000, 0x00000000fec00000|100%| O|  |TAMS 0x00000000fec00000| PB 0x00000000feb00000| Untracked 
|2028|0x00000000fec00000, 0x00000000fed00000, 0x00000000fed00000|100%| O|  |TAMS 0x00000000fed00000| PB 0x00000000fec00000| Untracked 
|2029|0x00000000fed00000, 0x00000000fee00000, 0x00000000fee00000|100%| O|  |TAMS 0x00000000fee00000| PB 0x00000000fed00000| Untracked 
|2030|0x00000000fee00000, 0x00000000fef00000, 0x00000000fef00000|100%| O|  |TAMS 0x00000000fef00000| PB 0x00000000fee00000| Untracked 
|2031|0x00000000fef00000, 0x00000000ff000000, 0x00000000ff000000|100%| O|  |TAMS 0x00000000ff000000| PB 0x00000000fef00000| Untracked 
|2032|0x00000000ff000000, 0x00000000ff100000, 0x00000000ff100000|100%| O|  |TAMS 0x00000000ff100000| PB 0x00000000ff000000| Untracked 
|2033|0x00000000ff100000, 0x00000000ff200000, 0x00000000ff200000|100%| O|  |TAMS 0x00000000ff200000| PB 0x00000000ff100000| Untracked 
|2034|0x00000000ff200000, 0x00000000ff300000, 0x00000000ff300000|100%| O|  |TAMS 0x00000000ff300000| PB 0x00000000ff200000| Untracked 
|2035|0x00000000ff300000, 0x00000000ff400000, 0x00000000ff400000|100%| O|  |TAMS 0x00000000ff400000| PB 0x00000000ff300000| Untracked 
|2036|0x00000000ff400000, 0x00000000ff500000, 0x00000000ff500000|100%| O|  |TAMS 0x00000000ff500000| PB 0x00000000ff400000| Untracked 
|2037|0x00000000ff500000, 0x00000000ff600000, 0x00000000ff600000|100%| O|  |TAMS 0x00000000ff600000| PB 0x00000000ff500000| Untracked 
|2038|0x00000000ff600000, 0x00000000ff700000, 0x00000000ff700000|100%| O|  |TAMS 0x00000000ff700000| PB 0x00000000ff600000| Untracked 
|2039|0x00000000ff700000, 0x00000000ff700000, 0x00000000ff800000|  0%| F|  |TAMS 0x00000000ff700000| PB 0x00000000ff700000| Untracked 
|2040|0x00000000ff800000, 0x00000000ff800000, 0x00000000ff900000|  0%| F|  |TAMS 0x00000000ff800000| PB 0x00000000ff800000| Untracked 
|2041|0x00000000ff900000, 0x00000000ff900000, 0x00000000ffa00000|  0%| F|  |TAMS 0x00000000ff900000| PB 0x00000000ff900000| Untracked 
|2042|0x00000000ffa00000, 0x00000000ffa00000, 0x00000000ffb00000|  0%| F|  |TAMS 0x00000000ffa00000| PB 0x00000000ffa00000| Untracked 
|2043|0x00000000ffb00000, 0x00000000ffb00000, 0x00000000ffc00000|  0%| F|  |TAMS 0x00000000ffb00000| PB 0x00000000ffb00000| Untracked 
|2044|0x00000000ffc00000, 0x00000000ffc00000, 0x00000000ffd00000|  0%| F|  |TAMS 0x00000000ffc00000| PB 0x00000000ffc00000| Untracked 
|2045|0x00000000ffd00000, 0x00000000ffe00000, 0x00000000ffe00000|100%| O|  |TAMS 0x00000000ffe00000| PB 0x00000000ffd00000| Untracked 
|2046|0x00000000ffe00000, 0x00000000ffe00000, 0x00000000fff00000|  0%| F|  |TAMS 0x00000000ffe00000| PB 0x00000000ffe00000| Untracked 
|2047|0x00000000fff00000, 0x0000000100000000, 0x0000000100000000|100%| O|  |TAMS 0x0000000100000000| PB 0x00000000fff00000| Untracked 

Card table byte_map: [0x00000162e1620000,0x00000162e1a20000] _byte_map_base: 0x00000162e1220000

Marking Bits: (CMBitMap*) 0x00000162cc86e630
 Bits: [0x00000162e1a20000, 0x00000162e3a20000)

Polling page: 0x00000162cc940000

Metaspace:

Usage:
  Non-class:    136.27 MB used.
      Class:     21.29 MB used.
       Both:    157.56 MB used.

Virtual space:
  Non-class space:      192.00 MB reserved,     137.06 MB ( 71%) committed,  3 nodes.
      Class space:        1.00 GB reserved,      23.00 MB (  2%) committed,  1 nodes.
             Both:        1.19 GB reserved,     160.06 MB ( 13%) committed. 

Chunk freelists:
   Non-Class:  6.14 MB
       Class:  9.77 MB
        Both:  15.91 MB

MaxMetaspaceSize: unlimited
CompressedClassSpaceSize: 1.00 GB
Initial GC threshold: 21.00 MB
Current GC threshold: 266.56 MB
CDS: off
 - commit_granule_bytes: 65536.
 - commit_granule_words: 8192.
 - virtual_space_node_default_size: 8388608.
 - enlarge_chunks_in_place: 1.
 - use_allocation_guard: 0.


Internal statistics:

num_allocs_failed_limit: 9.
num_arena_births: 7500.
num_arena_deaths: 4262.
num_vsnodes_births: 4.
num_vsnodes_deaths: 0.
num_space_committed: 2560.
num_space_uncommitted: 0.
num_chunks_returned_to_freelist: 5297.
num_chunks_taken_from_freelist: 16160.
num_chunk_merges: 1713.
num_chunk_splits: 9123.
num_chunks_enlarged: 5365.
num_inconsistent_stats: 0.

CodeHeap 'non-profiled nmethods': size=120000Kb used=32436Kb max_used=32436Kb free=87563Kb
 bounds [0x00000162d97a0000, 0x00000162db750000, 0x00000162e0cd0000]
CodeHeap 'profiled nmethods': size=120000Kb used=25965Kb max_used=40655Kb free=94034Kb
 bounds [0x00000162d1cd0000, 0x00000162d4490000, 0x00000162d9200000]
CodeHeap 'non-nmethods': size=5760Kb used=2158Kb max_used=2271Kb free=3601Kb
 bounds [0x00000162d9200000, 0x00000162d9470000, 0x00000162d97a0000]
CodeCache: size=245760Kb, used=60559Kb, max_used=75362Kb, free=185198Kb
 total_blobs=18634, nmethods=17621, adapters=916, full_count=0
Compilation: enabled, stopped_count=0, restarted_count=0

Compilation events (20 events):
Event: 15618.726 Thread 0x00000162e68a8c90 nmethod 86866 0x00000162db74b310 code [0x00000162db74b4a0, 0x00000162db74b528]
Event: 15618.726 Thread 0x00000162e68a8c90 86911       4       com.android.tools.r8.internal.wy0::a (5 bytes)
Event: 15618.730 Thread 0x00000162e68a8c90 nmethod 86911 0x00000162db74b610 code [0x00000162db74b7a0, 0x00000162db74b848]
Event: 15618.730 Thread 0x00000162e68a8c90 87092       4       com.android.tools.r8.internal.pv3::f (34 bytes)
Event: 15618.733 Thread 0x00000162e68a8c90 nmethod 87092 0x00000162db74b910 code [0x00000162db74bac0, 0x00000162db74bca8]
Event: 15618.733 Thread 0x00000162e68a8c90 86922       4       com.android.tools.r8.internal.gl2::u0 (2 bytes)
Event: 15618.734 Thread 0x00000162e68a8c90 nmethod 86922 0x00000162db74be90 code [0x00000162db74c020, 0x00000162db74c0a8]
Event: 15618.734 Thread 0x00000162e68a8c90 86968       4       com.android.tools.r8.internal.v8::a (2 bytes)
Event: 15618.734 Thread 0x00000162e68a8c90 nmethod 86968 0x00000162db74c190 code [0x00000162db74c320, 0x00000162db74c3a8]
Event: 15618.734 Thread 0x00000162e68a8c90 87082       4       com.android.tools.r8.internal.ro1::B2 (4 bytes)
Event: 15618.735 Thread 0x00000162e68a8c90 nmethod 87082 0x00000162db74c490 code [0x00000162db74c620, 0x00000162db74c6b0]
Event: 15618.735 Thread 0x00000162e68a8c90 86850       4       com.android.tools.r8.internal.ff4::k (2 bytes)
Event: 15618.735 Thread 0x00000162e68a8c90 nmethod 86850 0x00000162db74c790 code [0x00000162db74c920, 0x00000162db74c9a8]
Event: 15618.735 Thread 0x00000162e68a8c90 86947       4       com.android.tools.r8.internal.um::B (8 bytes)
Event: 15618.736 Thread 0x00000162e68a8c90 nmethod 86947 0x00000162db74ca90 code [0x00000162db74cc20, 0x00000162db74ccc0]
Event: 15618.736 Thread 0x00000162e68a8c90 86867       4       com.android.tools.r8.graph.z1::w0 (2 bytes)
Event: 15618.736 Thread 0x00000162e68a8c90 nmethod 86867 0x00000162db74cd90 code [0x00000162db74cf20, 0x00000162db74cfa8]
Event: 15618.736 Thread 0x00000162e68a8c90 86803 %     4       com.google.common.collect.RegularImmutableMap::fromEntryArrayCheckingBucketOverflow @ 48 (282 bytes)
Event: 15618.754 Thread 0x00000162e68acc30 87094       3       com.android.tools.r8.internal.zg::a (145 bytes)
Event: 15618.757 Thread 0x00000162e68acc30 nmethod 87094 0x00000162d2c1d610 code [0x00000162d2c1d940, 0x00000162d2c1ee30]

GC Heap History (20 events):
Event: 15117.365 GC heap after
{Heap after GC invocations=374 (full 0):
 garbage-first heap   total 840704K, used 208932K [0x0000000080000000, 0x0000000100000000)
  region size 1024K, 27 young (27648K), 27 survivors (27648K)
 Metaspace       used 161173K, committed 163776K, reserved 1245184K
  class space    used 21792K, committed 23552K, reserved 1048576K
}
Event: 15287.407 GC heap before
{Heap before GC invocations=375 (full 0):
 garbage-first heap   total 700416K, used 601124K [0x0000000080000000, 0x0000000100000000)
  region size 1024K, 410 young (419840K), 27 survivors (27648K)
 Metaspace       used 161181K, committed 163776K, reserved 1245184K
  class space    used 21792K, committed 23552K, reserved 1048576K
}
Event: 15287.593 GC heap after
{Heap after GC invocations=376 (full 0):
 garbage-first heap   total 700416K, used 208182K [0x0000000080000000, 0x0000000100000000)
  region size 1024K, 26 young (26624K), 26 survivors (26624K)
 Metaspace       used 161181K, committed 163776K, reserved 1245184K
  class space    used 21792K, committed 23552K, reserved 1048576K
}
Event: 15457.677 GC heap before
{Heap before GC invocations=376 (full 0):
 garbage-first heap   total 700416K, used 601398K [0x0000000080000000, 0x0000000100000000)
  region size 1024K, 410 young (419840K), 26 survivors (26624K)
 Metaspace       used 161181K, committed 163776K, reserved 1245184K
  class space    used 21792K, committed 23552K, reserved 1048576K
}
Event: 15457.903 GC heap after
{Heap after GC invocations=377 (full 0):
 garbage-first heap   total 700416K, used 203048K [0x0000000080000000, 0x0000000100000000)
  region size 1024K, 26 young (26624K), 26 survivors (26624K)
 Metaspace       used 161181K, committed 163776K, reserved 1245184K
  class space    used 21792K, committed 23552K, reserved 1048576K
}
Event: 15527.266 GC heap before
{Heap before GC invocations=377 (full 0):
 garbage-first heap   total 700416K, used 596264K [0x0000000080000000, 0x0000000100000000)
  region size 1024K, 410 young (419840K), 26 survivors (26624K)
 Metaspace       used 161253K, committed 163840K, reserved 1245184K
  class space    used 21794K, committed 23552K, reserved 1048576K
}
Event: 15527.326 GC heap after
{Heap after GC invocations=378 (full 0):
 garbage-first heap   total 700416K, used 202406K [0x0000000080000000, 0x0000000100000000)
  region size 1024K, 25 young (25600K), 25 survivors (25600K)
 Metaspace       used 161253K, committed 163840K, reserved 1245184K
  class space    used 21794K, committed 23552K, reserved 1048576K
}
Event: 15598.476 GC heap before
{Heap before GC invocations=378 (full 0):
 garbage-first heap   total 700416K, used 595622K [0x0000000080000000, 0x0000000100000000)
  region size 1024K, 410 young (419840K), 25 survivors (25600K)
 Metaspace       used 161264K, committed 163840K, reserved 1245184K
  class space    used 21794K, committed 23552K, reserved 1048576K
}
Event: 15598.592 GC heap after
{Heap after GC invocations=379 (full 0):
 garbage-first heap   total 700416K, used 188143K [0x0000000080000000, 0x0000000100000000)
  region size 1024K, 11 young (11264K), 11 survivors (11264K)
 Metaspace       used 161264K, committed 163840K, reserved 1245184K
  class space    used 21794K, committed 23552K, reserved 1048576K
}
Event: 15617.146 GC heap before
{Heap before GC invocations=380 (full 0):
 garbage-first heap   total 628736K, used 552687K [0x0000000080000000, 0x0000000100000000)
  region size 1024K, 368 young (376832K), 11 survivors (11264K)
 Metaspace       used 161341K, committed 163904K, reserved 1245184K
  class space    used 21801K, committed 23552K, reserved 1048576K
}
Event: 15617.205 GC heap after
{Heap after GC invocations=381 (full 0):
 garbage-first heap   total 628736K, used 211695K [0x0000000080000000, 0x0000000100000000)
  region size 1024K, 34 young (34816K), 34 survivors (34816K)
 Metaspace       used 161341K, committed 163904K, reserved 1245184K
  class space    used 21801K, committed 23552K, reserved 1048576K
}
Event: 15617.837 GC heap before
{Heap before GC invocations=381 (full 0):
 garbage-first heap   total 628736K, used 552687K [0x0000000080000000, 0x0000000100000000)
  region size 1024K, 368 young (376832K), 34 survivors (34816K)
 Metaspace       used 161342K, committed 163904K, reserved 1245184K
  class space    used 21801K, committed 23552K, reserved 1048576K
}
Event: 15618.038 GC heap after
{Heap after GC invocations=382 (full 0):
 garbage-first heap   total 643072K, used 263167K [0x0000000080000000, 0x0000000100000000)
  region size 1024K, 46 young (47104K), 46 survivors (47104K)
 Metaspace       used 161342K, committed 163904K, reserved 1245184K
  class space    used 21801K, committed 23552K, reserved 1048576K
}
Event: 15618.110 GC heap before
{Heap before GC invocations=382 (full 0):
 garbage-first heap   total 643072K, used 369663K [0x0000000080000000, 0x0000000100000000)
  region size 1024K, 151 young (154624K), 46 survivors (47104K)
 Metaspace       used 161342K, committed 163904K, reserved 1245184K
  class space    used 21801K, committed 23552K, reserved 1048576K
}
Event: 15618.146 GC heap after
{Heap after GC invocations=383 (full 0):
 garbage-first heap   total 643072K, used 270336K [0x0000000080000000, 0x0000000100000000)
  region size 1024K, 8 young (8192K), 8 survivors (8192K)
 Metaspace       used 161342K, committed 163904K, reserved 1245184K
  class space    used 21801K, committed 23552K, reserved 1048576K
}
Event: 15618.309 GC heap before
{Heap before GC invocations=383 (full 0):
 garbage-first heap   total 643072K, used 569344K [0x0000000080000000, 0x0000000100000000)
  region size 1024K, 301 young (308224K), 8 survivors (8192K)
 Metaspace       used 161342K, committed 163904K, reserved 1245184K
  class space    used 21801K, committed 23552K, reserved 1048576K
}
Event: 15618.337 GC heap after
{Heap after GC invocations=384 (full 0):
 garbage-first heap   total 643072K, used 274944K [0x0000000080000000, 0x0000000100000000)
  region size 1024K, 13 young (13312K), 13 survivors (13312K)
 Metaspace       used 161342K, committed 163904K, reserved 1245184K
  class space    used 21801K, committed 23552K, reserved 1048576K
}
Event: 15618.494 GC heap before
{Heap before GC invocations=384 (full 0):
 garbage-first heap   total 643072K, used 580096K [0x0000000080000000, 0x0000000100000000)
  region size 1024K, 311 young (318464K), 13 survivors (13312K)
 Metaspace       used 161342K, committed 163904K, reserved 1245184K
  class space    used 21801K, committed 23552K, reserved 1048576K
}
Event: 15618.514 GC heap after
{Heap after GC invocations=385 (full 0):
 garbage-first heap   total 643072K, used 277979K [0x0000000080000000, 0x0000000100000000)
  region size 1024K, 16 young (16384K), 16 survivors (16384K)
 Metaspace       used 161342K, committed 163904K, reserved 1245184K
  class space    used 21801K, committed 23552K, reserved 1048576K
}
Event: 15618.770 GC heap before
{Heap before GC invocations=385 (full 0):
 garbage-first heap   total 643072K, used 588251K [0x0000000080000000, 0x0000000100000000)
  region size 1024K, 320 young (327680K), 16 survivors (16384K)
 Metaspace       used 161342K, committed 163904K, reserved 1245184K
  class space    used 21801K, committed 23552K, reserved 1048576K
}

Dll operation events (3 events):
Event: 0.043 Loaded shared library C:\Program Files\Android\Android Studio1\jbr\bin\java.dll
Event: 0.061 Loaded shared library C:\Program Files\Android\Android Studio1\jbr\bin\zip.dll
Event: 1.969 Loaded shared library C:\Program Files\Android\Android Studio1\jbr\bin\verify.dll

Deoptimization events (20 events):
Event: 15618.206 Thread 0x00000162f1241240 DEOPT PACKING pc=0x00000162d40d5648 sp=0x0000003b1d9fd7f0
Event: 15618.206 Thread 0x00000162f1241240 DEOPT UNPACKING pc=0x00000162d9254b42 sp=0x0000003b1d9fcc18 mode 0
Event: 15618.238 Thread 0x00000162f1241240 DEOPT PACKING pc=0x00000162d40d5648 sp=0x0000003b1d9fd910
Event: 15618.238 Thread 0x00000162f1241240 DEOPT UNPACKING pc=0x00000162d9254b42 sp=0x0000003b1d9fcd38 mode 0
Event: 15618.241 Thread 0x00000162f1241240 DEOPT PACKING pc=0x00000162d40d5648 sp=0x0000003b1d9fd910
Event: 15618.241 Thread 0x00000162f1241240 DEOPT UNPACKING pc=0x00000162d9254b42 sp=0x0000003b1d9fcd38 mode 0
Event: 15618.244 Thread 0x00000162f1241240 DEOPT PACKING pc=0x00000162d40d5648 sp=0x0000003b1d9fd910
Event: 15618.244 Thread 0x00000162f1241240 DEOPT UNPACKING pc=0x00000162d9254b42 sp=0x0000003b1d9fcd38 mode 0
Event: 15618.258 Thread 0x00000162f1241240 DEOPT PACKING pc=0x00000162d40d5648 sp=0x0000003b1d9fd7f0
Event: 15618.258 Thread 0x00000162f1241240 DEOPT UNPACKING pc=0x00000162d9254b42 sp=0x0000003b1d9fcc18 mode 0
Event: 15618.281 Thread 0x00000162f1241240 DEOPT PACKING pc=0x00000162d40d5648 sp=0x0000003b1d9fd7f0
Event: 15618.281 Thread 0x00000162f1241240 DEOPT UNPACKING pc=0x00000162d9254b42 sp=0x0000003b1d9fcc18 mode 0
Event: 15618.282 Thread 0x00000162f1241240 DEOPT PACKING pc=0x00000162d40d5648 sp=0x0000003b1d9fd910
Event: 15618.282 Thread 0x00000162f1241240 DEOPT UNPACKING pc=0x00000162d9254b42 sp=0x0000003b1d9fcd38 mode 0
Event: 15618.291 Thread 0x00000162f1241240 DEOPT PACKING pc=0x00000162d40d5648 sp=0x0000003b1d9fd7f0
Event: 15618.291 Thread 0x00000162f1241240 DEOPT UNPACKING pc=0x00000162d9254b42 sp=0x0000003b1d9fcc18 mode 0
Event: 15618.575 Thread 0x00000162fa1026b0 Uncommon trap: trap_request=0xffffffbe fr.pc=0x00000162db740628 relative=0x0000000000001108
Event: 15618.575 Thread 0x00000162fa1026b0 Uncommon trap: reason=profile_predicate action=maybe_recompile pc=0x00000162db740628 method=java.util.HashMap.treeifyBin([Ljava/util/HashMap$Node;I)V @ 43 c2
Event: 15618.575 Thread 0x00000162fa1026b0 DEOPT PACKING pc=0x00000162db740628 sp=0x0000003b1fafd120
Event: 15618.576 Thread 0x00000162fa1026b0 DEOPT UNPACKING pc=0x00000162d92543a2 sp=0x0000003b1fafd100 mode 2

Classes loaded (20 events):
Event: 1606.777 Loading class java/security/cert/CertificateEncodingException
Event: 1606.777 Loading class java/security/cert/CertificateEncodingException done
Event: 1606.787 Loading class java/util/concurrent/ForkJoinTask$AdaptedInterruptibleCallable
Event: 1606.788 Loading class java/util/concurrent/ForkJoinTask$InterruptibleTask
Event: 1606.789 Loading class java/util/concurrent/ForkJoinTask$InterruptibleTask done
Event: 1606.789 Loading class java/util/concurrent/ForkJoinTask$AdaptedInterruptibleCallable done
Event: 1606.789 Loading class java/util/concurrent/ForkJoinPool$DefaultForkJoinWorkerThreadFactory$1
Event: 1606.789 Loading class java/util/concurrent/ForkJoinPool$DefaultForkJoinWorkerThreadFactory$1 done
Event: 1606.817 Loading class java/nio/BufferOverflowException
Event: 1606.817 Loading class java/nio/BufferOverflowException done
Event: 1606.821 Loading class java/security/DigestException
Event: 1606.822 Loading class java/security/DigestException done
Event: 1606.854 Loading class java/util/concurrent/ForkJoinTask$AdaptedInterruptibleRunnable
Event: 1606.854 Loading class java/util/concurrent/ForkJoinTask$AdaptedInterruptibleRunnable done
Event: 1606.854 Loading class java/util/concurrent/CountedCompleter
Event: 1606.855 Loading class java/util/concurrent/CountedCompleter done
Event: 1607.134 Loading class sun/security/rsa/RSACore$BlindingParameters
Event: 1607.134 Loading class sun/security/rsa/RSACore$BlindingParameters done
Event: 1607.140 Loading class sun/security/rsa/RSACore$BlindingRandomPair
Event: 1607.140 Loading class sun/security/rsa/RSACore$BlindingRandomPair done

Classes unloaded (20 events):
Event: 13121.081 Thread 0x00000162e66bdfa0 Unloading class 0x0000000100382c00 'java/lang/invoke/LambdaForm$MH+0x0000000100382c00'
Event: 13121.081 Thread 0x00000162e66bdfa0 Unloading class 0x0000000100580c00 'java/lang/invoke/LambdaForm$MH+0x0000000100580c00'
Event: 13121.081 Thread 0x00000162e66bdfa0 Unloading class 0x0000000100599000 'java/lang/invoke/LambdaForm$MH+0x0000000100599000'
Event: 13121.081 Thread 0x00000162e66bdfa0 Unloading class 0x0000000100599800 'java/lang/invoke/LambdaForm$MH+0x0000000100599800'
Event: 13121.082 Thread 0x00000162e66bdfa0 Unloading class 0x000000010059b000 'java/lang/invoke/LambdaForm$MH+0x000000010059b000'
Event: 13121.082 Thread 0x00000162e66bdfa0 Unloading class 0x0000000100762400 'java/lang/invoke/LambdaForm$MH+0x0000000100762400'
Event: 13121.082 Thread 0x00000162e66bdfa0 Unloading class 0x0000000100752000 'java/lang/invoke/LambdaForm$MH+0x0000000100752000'
Event: 13121.082 Thread 0x00000162e66bdfa0 Unloading class 0x0000000101255400 'java/lang/invoke/LambdaForm$MH+0x0000000101255400'
Event: 13121.082 Thread 0x00000162e66bdfa0 Unloading class 0x00000001012f8c00 'java/lang/invoke/LambdaForm$MH+0x00000001012f8c00'
Event: 13121.082 Thread 0x00000162e66bdfa0 Unloading class 0x000000010165a800 'java/lang/invoke/LambdaForm$MH+0x000000010165a800'
Event: 13121.082 Thread 0x00000162e66bdfa0 Unloading class 0x00000001016c4800 'java/lang/invoke/LambdaForm$MH+0x00000001016c4800'
Event: 13121.082 Thread 0x00000162e66bdfa0 Unloading class 0x00000001012f5400 'java/lang/invoke/LambdaForm$MH+0x00000001012f5400'
Event: 13121.082 Thread 0x00000162e66bdfa0 Unloading class 0x00000001012f4800 'java/lang/invoke/LambdaForm$MH+0x00000001012f4800'
Event: 13121.082 Thread 0x00000162e66bdfa0 Unloading class 0x0000000100c8a000 'java/lang/invoke/LambdaForm$MH+0x0000000100c8a000'
Event: 13121.082 Thread 0x00000162e66bdfa0 Unloading class 0x0000000100c89400 'java/lang/invoke/LambdaForm$MH+0x0000000100c89400'
Event: 13121.082 Thread 0x00000162e66bdfa0 Unloading class 0x0000000100484800 'java/lang/invoke/LambdaForm$MH+0x0000000100484800'
Event: 13121.082 Thread 0x00000162e66bdfa0 Unloading class 0x0000000100411400 'java/lang/invoke/LambdaForm$MH+0x0000000100411400'
Event: 13121.083 Thread 0x00000162e66bdfa0 Unloading class 0x0000000100328400 'java/lang/invoke/LambdaForm$MH+0x0000000100328400'
Event: 13121.083 Thread 0x00000162e66bdfa0 Unloading class 0x000000010029c400 'java/lang/invoke/LambdaForm$MH+0x000000010029c400'
Event: 13121.083 Thread 0x00000162e66bdfa0 Unloading class 0x00000001001dac00 'java/lang/invoke/LambdaForm$MH+0x00000001001dac00'

Classes redefined (0 events):
No events

Internal exceptions (20 events):
Event: 15616.003 Thread 0x00000162f7d36770 Exception <a 'sun/nio/fs/WindowsException'{0x0000000098e90e30}> (0x0000000098e90e30) 
thrown [s\src\hotspot\share\prims\jni.cpp, line 537]
Event: 15616.003 Thread 0x00000162f7d36770 Exception <a 'sun/nio/fs/WindowsException'{0x0000000098e94cc0}> (0x0000000098e94cc0) 
thrown [s\src\hotspot\share\prims\jni.cpp, line 537]
Event: 15616.004 Thread 0x00000162f7d36770 Exception <a 'sun/nio/fs/WindowsException'{0x0000000098e96420}> (0x0000000098e96420) 
thrown [s\src\hotspot\share\prims\jni.cpp, line 537]
Event: 15616.004 Thread 0x00000162f7d36770 Exception <a 'sun/nio/fs/WindowsException'{0x0000000098e97808}> (0x0000000098e97808) 
thrown [s\src\hotspot\share\prims\jni.cpp, line 537]
Event: 15616.004 Thread 0x00000162f7d36770 Exception <a 'sun/nio/fs/WindowsException'{0x0000000098e98d00}> (0x0000000098e98d00) 
thrown [s\src\hotspot\share\prims\jni.cpp, line 537]
Event: 15616.004 Thread 0x00000162f7d36770 Exception <a 'sun/nio/fs/WindowsException'{0x0000000098e9a178}> (0x0000000098e9a178) 
thrown [s\src\hotspot\share\prims\jni.cpp, line 537]
Event: 15616.032 Thread 0x00000162f8d4f050 Exception <a 'sun/nio/fs/WindowsException'{0x0000000098c059f0}> (0x0000000098c059f0) 
thrown [s\src\hotspot\share\prims\jni.cpp, line 537]
Event: 15616.331 Thread 0x00000162f7d36770 Exception <a 'sun/nio/fs/WindowsException'{0x0000000097a7e378}> (0x0000000097a7e378) 
thrown [s\src\hotspot\share\prims\jni.cpp, line 537]
Event: 15616.332 Thread 0x00000162f7d36770 Exception <a 'sun/nio/fs/WindowsException'{0x0000000097a854b8}> (0x0000000097a854b8) 
thrown [s\src\hotspot\share\prims\jni.cpp, line 537]
Event: 15616.398 Thread 0x00000162f7d36770 Exception <a 'sun/nio/fs/WindowsException'{0x00000000978282d0}> (0x00000000978282d0) 
thrown [s\src\hotspot\share\prims\jni.cpp, line 537]
Event: 15616.398 Thread 0x00000162f7d36770 Exception <a 'sun/nio/fs/WindowsException'{0x000000009782bd40}> (0x000000009782bd40) 
thrown [s\src\hotspot\share\prims\jni.cpp, line 537]
Event: 15616.399 Thread 0x00000162f7d36770 Exception <a 'sun/nio/fs/WindowsException'{0x0000000097832178}> (0x0000000097832178) 
thrown [s\src\hotspot\share\prims\jni.cpp, line 537]
Event: 15616.399 Thread 0x00000162f7d36770 Exception <a 'sun/nio/fs/WindowsException'{0x0000000097834a40}> (0x0000000097834a40) 
thrown [s\src\hotspot\share\prims\jni.cpp, line 537]
Event: 15616.623 Thread 0x00000162f7d36770 Exception <a 'sun/nio/fs/WindowsException'{0x00000000975647c8}> (0x00000000975647c8) 
thrown [s\src\hotspot\share\prims\jni.cpp, line 537]
Event: 15616.624 Thread 0x00000162f7d36770 Exception <a 'sun/nio/fs/WindowsException'{0x0000000097566590}> (0x0000000097566590) 
thrown [s\src\hotspot\share\prims\jni.cpp, line 537]
Event: 15616.624 Thread 0x00000162f7d36770 Exception <a 'sun/nio/fs/WindowsException'{0x0000000097567800}> (0x0000000097567800) 
thrown [s\src\hotspot\share\prims\jni.cpp, line 537]
Event: 15616.883 Thread 0x00000162f7d36770 Exception <a 'java/lang/NoSuchMethodError'{0x0000000096edb980}: static Lcom/android/build/gradle/internal/tasks/MergeJavaResWorkAction$SourcedInput;.<clinit>()V> (0x0000000096edb980) 
thrown [s\src\hotspot\share\prims\jni.cpp, line 1144]
Event: 15616.947 Thread 0x00000162f7d36e00 Exception <a 'sun/nio/fs/WindowsException'{0x0000000096553b90}> (0x0000000096553b90) 
thrown [s\src\hotspot\share\prims\jni.cpp, line 537]
Event: 15617.258 Thread 0x00000162ec5ff600 Exception <a 'sun/nio/fs/WindowsException'{0x00000000a3abfa38}> (0x00000000a3abfa38) 
thrown [s\src\hotspot\share\prims\jni.cpp, line 537]
Event: 15617.286 Thread 0x00000162ec5ff600 Exception <a 'sun/nio/fs/WindowsException'{0x00000000a224ba60}> (0x00000000a224ba60) 
thrown [s\src\hotspot\share\prims\jni.cpp, line 537]

ZGC Phase Switch (0 events):
No events

VM Operations (20 events):
Event: 15601.591 Executing safepoint VM operation: Cleanup done
Event: 15602.592 Executing safepoint VM operation: Cleanup
Event: 15602.592 Executing safepoint VM operation: Cleanup done
Event: 15603.646 Executing safepoint VM operation: Cleanup
Event: 15603.646 Executing safepoint VM operation: Cleanup done
Event: 15604.647 Executing safepoint VM operation: Cleanup
Event: 15604.647 Executing safepoint VM operation: Cleanup done
Event: 15616.658 Executing safepoint VM operation: Cleanup
Event: 15616.659 Executing safepoint VM operation: Cleanup done
Event: 15617.146 Executing safepoint VM operation: G1CollectForAllocation (G1 Evacuation Pause)
Event: 15617.205 Executing safepoint VM operation: G1CollectForAllocation (G1 Evacuation Pause) done
Event: 15617.836 Executing safepoint VM operation: G1CollectForAllocation (G1 Evacuation Pause)
Event: 15618.039 Executing safepoint VM operation: G1CollectForAllocation (G1 Evacuation Pause) done
Event: 15618.110 Executing safepoint VM operation: G1CollectForAllocation (G1 Evacuation Pause)
Event: 15618.147 Executing safepoint VM operation: G1CollectForAllocation (G1 Evacuation Pause) done
Event: 15618.309 Executing safepoint VM operation: G1CollectForAllocation (G1 Evacuation Pause)
Event: 15618.337 Executing safepoint VM operation: G1CollectForAllocation (G1 Evacuation Pause) done
Event: 15618.494 Executing safepoint VM operation: G1CollectForAllocation (G1 Evacuation Pause)
Event: 15618.514 Executing safepoint VM operation: G1CollectForAllocation (G1 Evacuation Pause) done
Event: 15618.769 Executing safepoint VM operation: G1CollectForAllocation (G1 Evacuation Pause)

Memory protections (0 events):
No events

Nmethod flushes (20 events):
Event: 15599.455 Thread 0x00000162e66bdfa0 flushing  nmethod 0x00000162d9e7f410
Event: 15599.455 Thread 0x00000162e66bdfa0 flushing  nmethod 0x00000162da149c90
Event: 15599.455 Thread 0x00000162e66bdfa0 flushing  nmethod 0x00000162da3a8190
Event: 15599.455 Thread 0x00000162e66bdfa0 flushing  nmethod 0x00000162da580f10
Event: 15599.455 Thread 0x00000162e66bdfa0 flushing  nmethod 0x00000162da892a90
Event: 15599.455 Thread 0x00000162e66bdfa0 flushing  nmethod 0x00000162da9b1c10
Event: 15599.455 Thread 0x00000162e66bdfa0 flushing  nmethod 0x00000162daffc090
Event: 15599.455 Thread 0x00000162e66bdfa0 flushing  nmethod 0x00000162db4d2690
Event: 15599.456 Thread 0x00000162e66bdfa0 flushing  nmethod 0x00000162db4dac10
Event: 15599.456 Thread 0x00000162e66bdfa0 flushing  nmethod 0x00000162d1d9e810
Event: 15599.456 Thread 0x00000162e66bdfa0 flushing  nmethod 0x00000162d1da1710
Event: 15599.456 Thread 0x00000162e66bdfa0 flushing  nmethod 0x00000162d2a27d10
Event: 15599.456 Thread 0x00000162e66bdfa0 flushing  nmethod 0x00000162d3196510
Event: 15599.456 Thread 0x00000162e66bdfa0 flushing  nmethod 0x00000162d368eb10
Event: 15599.456 Thread 0x00000162e66bdfa0 flushing  nmethod 0x00000162d3691190
Event: 15599.456 Thread 0x00000162e66bdfa0 flushing  nmethod 0x00000162d36e8210
Event: 15599.456 Thread 0x00000162e66bdfa0 flushing  nmethod 0x00000162d3b2b690
Event: 15599.456 Thread 0x00000162e66bdfa0 flushing  nmethod 0x00000162d41e8f90
Event: 15599.456 Thread 0x00000162e66bdfa0 flushing  nmethod 0x00000162d41e9710
Event: 15599.456 Thread 0x00000162e66bdfa0 flushing  nmethod 0x00000162d43d0410

Events (20 events):
Event: 15616.023 Thread 0x00000162f7d36770 Thread added: 0x00000162f8d4fd70
Event: 15616.024 Thread 0x00000162f7d36770 Thread added: 0x00000162f8d51120
Event: 15616.024 Thread 0x00000162f7d36770 Thread added: 0x00000162f8d517b0
Event: 15616.024 Thread 0x00000162f7d36770 Thread added: 0x00000162f8d4f050
Event: 15616.025 Thread 0x00000162f7d36770 Thread added: 0x00000162f8d4e330
Event: 15616.025 Thread 0x00000162f7d36770 Thread added: 0x00000162ffbc35b0
Event: 15616.025 Thread 0x00000162f7d36770 Thread added: 0x00000162ffbc2890
Event: 15616.891 Thread 0x00000162f7d36770 Thread added: 0x00000162ffbc2f20
Event: 15616.995 Thread 0x00000162f7d36e00 Thread added: 0x00000162fa1033d0
Event: 15616.997 Thread 0x00000162f7d36e00 Thread added: 0x00000162fa103a60
Event: 15616.999 Thread 0x00000162f7d36e00 Thread added: 0x00000162fa104e10
Event: 15617.001 Thread 0x00000162f7d36e00 Thread added: 0x00000162fa102020
Event: 15617.003 Thread 0x00000162f7d36e00 Thread added: 0x00000162fa1026b0
Event: 15617.005 Thread 0x00000162f7d36e00 Thread added: 0x00000162f9bf4930
Event: 15617.010 Thread 0x00000162f7d36e00 Thread added: 0x00000162f9bf5650
Event: 15617.013 Thread 0x00000162f7d36e00 Thread added: 0x00000162ff311de0
Event: 15617.016 Thread 0x00000162f7d36e00 Thread added: 0x00000162ff312470
Event: 15617.018 Thread 0x00000162f7d36e00 Thread added: 0x00000162ffbc3c40
Event: 15617.023 Thread 0x00000162f7d36e00 Thread added: 0x00000162ffbc42d0
Event: 15617.213 Thread 0x00000162f9bf7720 Thread exited: 0x00000162f9bf7720


Dynamic libraries:
0x00007ff65a6e0000 - 0x00007ff65a6ea000 	C:\Program Files\Android\Android Studio1\jbr\bin\java.exe
0x00007ffd0ca00000 - 0x00007ffd0cc67000 	C:\WINDOWS\SYSTEM32\ntdll.dll
0x00007ffd0b6e0000 - 0x00007ffd0b7a9000 	C:\WINDOWS\System32\KERNEL32.DLL
0x00007ffd09f10000 - 0x00007ffd0a307000 	C:\WINDOWS\System32\KERNELBASE.dll
0x00007ffd0a400000 - 0x00007ffd0a54b000 	C:\WINDOWS\System32\ucrtbase.dll
0x00007ffc9f550000 - 0x00007ffc9f56b000 	C:\Program Files\Android\Android Studio1\jbr\bin\VCRUNTIME140.dll
0x00007ffd04db0000 - 0x00007ffd04dc8000 	C:\Program Files\Android\Android Studio1\jbr\bin\jli.dll
0x00007ffd0b8d0000 - 0x00007ffd0ba96000 	C:\WINDOWS\System32\USER32.dll
0x00007ffcf1fe0000 - 0x00007ffcf2272000 	C:\WINDOWS\WinSxS\amd64_microsoft.windows.common-controls_6595b64144ccf1df_6.0.26100.8457_none_3e0b2faee331e92d\COMCTL32.dll
0x00007ffd0a3d0000 - 0x00007ffd0a3f7000 	C:\WINDOWS\System32\win32u.dll
0x00007ffd0c3f0000 - 0x00007ffd0c41b000 	C:\WINDOWS\System32\GDI32.dll
0x00007ffd09ca0000 - 0x00007ffd09dcc000 	C:\WINDOWS\System32\gdi32full.dll
0x00007ffd09dd0000 - 0x00007ffd09e73000 	C:\WINDOWS\System32\msvcp_win.dll
0x00007ffd0c420000 - 0x00007ffd0c4c9000 	C:\WINDOWS\System32\msvcrt.dll
0x00007ffd0bf10000 - 0x00007ffd0bf42000 	C:\WINDOWS\System32\IMM32.DLL
0x00007ffce2520000 - 0x00007ffce252c000 	C:\Program Files\Android\Android Studio1\jbr\bin\vcruntime140_1.dll
0x00007ffc9f150000 - 0x00007ffc9f1dd000 	C:\Program Files\Android\Android Studio1\jbr\bin\msvcp140.dll
0x00007ffc9cb00000 - 0x00007ffc9d796000 	C:\Program Files\Android\Android Studio1\jbr\bin\server\jvm.dll
0x00007ffd0c670000 - 0x00007ffd0c726000 	C:\WINDOWS\System32\ADVAPI32.dll
0x00007ffd0bd50000 - 0x00007ffd0bdf7000 	C:\WINDOWS\System32\sechost.dll
0x00007ffd0b7b0000 - 0x00007ffd0b8c8000 	C:\WINDOWS\System32\RPCRT4.dll
0x00007ffd0a780000 - 0x00007ffd0a800000 	C:\WINDOWS\System32\WS2_32.dll
0x00007ffcfe810000 - 0x00007ffcfe846000 	C:\WINDOWS\SYSTEM32\WINMM.dll
0x00007ffd09290000 - 0x00007ffd092ee000 	C:\WINDOWS\SYSTEM32\POWRPROF.dll
0x00007ffd02380000 - 0x00007ffd0238b000 	C:\WINDOWS\SYSTEM32\VERSION.dll
0x00007ffd09270000 - 0x00007ffd09284000 	C:\WINDOWS\SYSTEM32\UMPDC.dll
0x00007ffd081a0000 - 0x00007ffd081bb000 	C:\WINDOWS\SYSTEM32\kernel.appcore.dll
0x00007ffce2020000 - 0x00007ffce202a000 	C:\Program Files\Android\Android Studio1\jbr\bin\jimage.dll
0x00007ffcfc940000 - 0x00007ffcfcb82000 	C:\WINDOWS\SYSTEM32\DBGHELP.DLL
0x00007ffd0b220000 - 0x00007ffd0b5a3000 	C:\WINDOWS\System32\combase.dll
0x00007ffd0bbf0000 - 0x00007ffd0bcc9000 	C:\WINDOWS\System32\OLEAUT32.dll
0x00007ffce5bc0000 - 0x00007ffce5bfb000 	C:\WINDOWS\SYSTEM32\dbgcore.DLL
0x00007ffd0a550000 - 0x00007ffd0a5f8000 	C:\WINDOWS\System32\bcryptPrimitives.dll
0x00007ffd06c30000 - 0x00007ffd06c3e000 	C:\Program Files\Android\Android Studio1\jbr\bin\instrument.dll
0x00007ffc9f4d0000 - 0x00007ffc9f4f0000 	C:\Program Files\Android\Android Studio1\jbr\bin\java.dll
0x00007ffc9f4b0000 - 0x00007ffc9f4c8000 	C:\Program Files\Android\Android Studio1\jbr\bin\zip.dll
0x00007ffd0aa20000 - 0x00007ffd0b18e000 	C:\WINDOWS\System32\SHELL32.dll
0x00007ffd09430000 - 0x00007ffd09c9c000 	C:\WINDOWS\System32\windows.storage.dll
0x00007ffd0be00000 - 0x00007ffd0bef6000 	C:\WINDOWS\System32\SHCORE.dll
0x00007ffd0c950000 - 0x00007ffd0c9b6000 	C:\WINDOWS\System32\shlwapi.dll
0x00007ffd09350000 - 0x00007ffd09379000 	C:\WINDOWS\SYSTEM32\profapi.dll
0x00007ffcf8430000 - 0x00007ffcf8440000 	C:\Program Files\Android\Android Studio1\jbr\bin\net.dll
0x00007ffd035d0000 - 0x00007ffd036f9000 	C:\WINDOWS\SYSTEM32\WINHTTP.dll
0x00007ffd08730000 - 0x00007ffd0879c000 	C:\WINDOWS\system32\mswsock.dll
0x00007ffcf8410000 - 0x00007ffcf8426000 	C:\Program Files\Android\Android Studio1\jbr\bin\nio.dll
0x00007ffcf97b0000 - 0x00007ffcf97c0000 	C:\Program Files\Android\Android Studio1\jbr\bin\verify.dll
0x00007ffc97490000 - 0x00007ffc974b7000 	C:\Users\MSI-PC\.gradle\native\1def1411415f61bf3af743bc5b6707747c0891f09f0c88961ee8f79bc544acac\windows-amd64\native-platform.dll
0x00007ffc9edd0000 - 0x00007ffc9ee47000 	C:\Users\MSI-PC\.gradle\native\0.2.8\x86_64-windows-gnu\gradle-fileevents.dll
0x00007ffcf8440000 - 0x00007ffcf8449000 	C:\Program Files\Android\Android Studio1\jbr\bin\management.dll
0x00007ffce1cf0000 - 0x00007ffce1cfb000 	C:\Program Files\Android\Android Studio1\jbr\bin\management_ext.dll
0x00007ffd0aa10000 - 0x00007ffd0aa18000 	C:\WINDOWS\System32\PSAPI.DLL
0x00007ffd07b80000 - 0x00007ffd07bb2000 	C:\WINDOWS\SYSTEM32\IPHLPAPI.DLL
0x00007ffd0bf00000 - 0x00007ffd0bf0a000 	C:\WINDOWS\System32\NSI.dll
0x00007ffcf8450000 - 0x00007ffcf8459000 	C:\Program Files\Android\Android Studio1\jbr\bin\extnet.dll
0x00007ffd08a10000 - 0x00007ffd08a2b000 	C:\WINDOWS\SYSTEM32\CRYPTSP.dll
0x00007ffd08100000 - 0x00007ffd08139000 	C:\WINDOWS\system32\rsaenh.dll
0x00007ffd087e0000 - 0x00007ffd08813000 	C:\WINDOWS\SYSTEM32\USERENV.dll
0x00007ffd09320000 - 0x00007ffd0934a000 	C:\WINDOWS\SYSTEM32\bcrypt.dll
0x00007ffd08a30000 - 0x00007ffd08a3c000 	C:\WINDOWS\SYSTEM32\CRYPTBASE.dll
0x00007ffcf97a0000 - 0x00007ffcf97a8000 	C:\WINDOWS\system32\wshunix.dll
0x00007ffd07c10000 - 0x00007ffd07d42000 	C:\WINDOWS\SYSTEM32\DNSAPI.dll
0x00007ffd03360000 - 0x00007ffd0336b000 	C:\Windows\System32\rasadhlp.dll
0x00007ffd042a0000 - 0x00007ffd04326000 	C:\WINDOWS\System32\fwpuclnt.dll
0x00007ffd04e50000 - 0x00007ffd04e57000 	C:\Program Files\Android\Android Studio1\jbr\bin\rmi.dll

JVMTI agents:
C:\Users\MSI-PC\.gradle\wrapper\dists\gradle-9.1.0-bin\9agqghryom9wkf8r80qlhnts3\gradle-9.1.0\lib\agents\gradle-instrumentation-agent-9.1.0.jar path:C:\Program Files\Android\Android Studio1\jbr\bin\instrument.dll, loaded, initialized, instrumentlib options:none

dbghelp: loaded successfully - version: 4.0.5 - missing functions: none
symbol engine: initialized successfully - sym options: 0x614 - pdb path: .;C:\Program Files\Android\Android Studio1\jbr\bin;C:\WINDOWS\SYSTEM32;C:\WINDOWS\WinSxS\amd64_microsoft.windows.common-controls_6595b64144ccf1df_6.0.26100.8457_none_3e0b2faee331e92d;C:\Program Files\Android\Android Studio1\jbr\bin\server;C:\Users\MSI-PC\.gradle\native\1def1411415f61bf3af743bc5b6707747c0891f09f0c88961ee8f79bc544acac\windows-amd64;C:\Users\MSI-PC\.gradle\native\0.2.8\x86_64-windows-gnu

VM Arguments:
jvm_args: --add-opens=java.base/java.lang=ALL-UNNAMED --add-opens=java.base/java.lang.invoke=ALL-UNNAMED --add-opens=java.base/java.util=ALL-UNNAMED --add-opens=java.prefs/java.util.prefs=ALL-UNNAMED --add-exports=jdk.compiler/com.sun.tools.javac.api=ALL-UNNAMED --add-exports=jdk.compiler/com.sun.tools.javac.util=ALL-UNNAMED --add-opens=java.base/java.util=ALL-UNNAMED --add-opens=java.prefs/java.util.prefs=ALL-UNNAMED --add-opens=java.base/java.nio.charset=ALL-UNNAMED --add-opens=java.base/java.net=ALL-UNNAMED --add-opens=java.base/java.util.concurrent=ALL-UNNAMED --add-opens=java.base/java.util.concurrent.atomic=ALL-UNNAMED --add-opens=java.xml/javax.xml.namespace=ALL-UNNAMED --add-opens=java.base/java.time=ALL-UNNAMED -Xmx2048m -Dfile.encoding=UTF-8 -Duser.country=US -Duser.language=en -Duser.variant -javaagent:C:\Users\MSI-PC\.gradle\wrapper\dists\gradle-9.1.0-bin\9agqghryom9wkf8r80qlhnts3\gradle-9.1.0\lib\agents\gradle-instrumentation-agent-9.1.0.jar 
java_command: org.gradle.launcher.daemon.bootstrap.GradleDaemon 9.1.0
java_class_path (initial): C:\Users\MSI-PC\.gradle\wrapper\dists\gradle-9.1.0-bin\9agqghryom9wkf8r80qlhnts3\gradle-9.1.0\lib\gradle-daemon-main-9.1.0.jar
Launcher Type: SUN_STANDARD

[Global flags]
     intx CICompilerCount                          = 4                                         {product} {ergonomic}
     uint ConcGCThreads                            = 3                                         {product} {ergonomic}
     uint G1ConcRefinementThreads                  = 10                                        {product} {ergonomic}
   size_t G1HeapRegionSize                         = 1048576                                   {product} {ergonomic}
    uintx GCDrainStackTargetSize                   = 64                                        {product} {ergonomic}
   size_t InitialHeapSize                          = 121634816                                 {product} {ergonomic}
   size_t MarkStackSize                            = 4194304                                   {product} {ergonomic}
   size_t MaxHeapSize                              = 2147483648                                {product} {command line}
   size_t MaxNewSize                               = 1287651328                                {product} {ergonomic}
   size_t MinHeapDeltaBytes                        = 1048576                                   {product} {ergonomic}
   size_t MinHeapSize                              = 8388608                                   {product} {ergonomic}
    uintx NonNMethodCodeHeapSize                   = 5839372                                {pd product} {ergonomic}
    uintx NonProfiledCodeHeapSize                  = 122909434                              {pd product} {ergonomic}
    uintx ProfiledCodeHeapSize                     = 122909434                              {pd product} {ergonomic}
    uintx ReservedCodeCacheSize                    = 251658240                              {pd product} {ergonomic}
     bool SegmentedCodeCache                       = true                                      {product} {ergonomic}
   size_t SoftMaxHeapSize                          = 2147483648                             {manageable} {ergonomic}
     bool UseCompressedOops                        = true                           {product lp64_product} {ergonomic}
     bool UseG1GC                                  = true                                      {product} {ergonomic}
     bool UseLargePagesIndividualAllocation        = false                                  {pd product} {ergonomic}

Logging:
Log output configuration:
 #0: stdout all=warning uptime,level,tags foldmultilines=false
 #1: stderr all=off uptime,level,tags foldmultilines=false

Release file:
JAVA_VERSION="21.0.10" 
MODULES="java.base java.compiler java.datatransfer java.xml java.prefs java.desktop java.instrument java.logging java.management java.security.sasl java.naming java.rmi java.management.rmi java.net.http java.scripting java.security.jgss java.transaction.xa java.sql java.sql.rowset java.xml.crypto java.se java.smartcardio jdk.accessibility jdk.internal.jvmstat jdk.attach jdk.charsets jdk.internal.opt jdk.zipfs jdk.compiler jdk.crypto.ec jdk.crypto.cryptoki jdk.dynalink jdk.hotspot.agent jdk.httpserver jdk.internal.ed jdk.internal.le jdk.internal.vm.ci jdk.jartool jdk.javadoc jdk.jcmd jdk.jdeps jdk.jdwp.agent jdk.jdi jdk.jfr jdk.jlink jdk.jsobject jdk.localedata jdk.management jdk.management.agent jdk.management.jfr jdk.naming.dns jdk.naming.rmi jdk.net jdk.sctp jdk.security.auth jdk.security.jgss jdk.unsupported jdk.unsupported.desktop jdk.xml.dom" 
IMPLEMENTOR="JetBrains s.r.o." 
JAVA_RUNTIME_VERSION="21.0.10+-14961533-b1163.108" 
LIBC="default" 
OS_ARCH="x86_64" 
OS_NAME="Windows" 
SOURCE=".:git:1351622c2ff2" 

Environment Variables:
JAVA_HOME=C:\Program Files\OpenLogic\jdk-17.0.13.11-hotspot
PATH=C:\oraclexe\app\oracle\product\11.2.0\server\bin;C:\Program Files\OpenLogic\jdk-17.0.13.11-hotspot\bin;C:\WINDOWS\system32;C:\WINDOWS;C:\WINDOWS\System32\Wbem;C:\WINDOWS\System32\WindowsPowerShell\v1.0\;C:\WINDOWS\System32\OpenSSH\;C:\Program Files\Git\cmd;C:\Program Files\jdk-21\bin;C:\Users\MSI-PC\AppData\Local\Android\Sdk;C:\Users\MSI-PC\AppData\Local\Android\Sdk\platform-tools;C:\Users\MSI-PC\AppData\Local\Android\Sdk\ndk;C:\Users\MSI-PC\AppData\Local\Android\Sdk\platforms;C:\Users\MSI-PC\AppData\Local\Android\Sdk\build-tools;C:\Program Files\dotnet\;C:\Users\MSI-PC\AppData\Local\Programs\Python\Python312;C:\Program Files\nodejs\;C:\Users\MSI-PC\Downloads\openjdk-13+33_windows-x64_bin\jdk-13\bin;C:\xampp\php;C:\ProgramData\ComposerSetup\bin;C:\Users\MSI-PC\AppData\Local\Android\Sdk\tools;C:\Users\MSI-PC\AppData\Local\Microsoft\WindowsApps;C:\Program Files\JetBrains\IntelliJ IDEA Community Edition 2024.1.2\bin;;C:\Program Files\jdk-21\bin;C:\Users\MSI-PC\AppData\Local\Android\Sdk;C:\Program Files\MongoDB\Server\8.0\bin;C:\Users\MSI-PC\AppData\Local\Programs\Python\Python312;C:\Program Files\JetBrains\JetBrains Rider 2025.1.5\bin;;C:\Users\MSI-PC\AppData\Roaming\npm;C:\Users\MSI-PC\Downloads\openjdk-13+33_windows-x64_bin\jdk-13\bin;C:\Program Files\JetBrains\PyCharm Community Edition 2024.2.3\bin;;C:\Users\MSI-PC\AppData\Local\Programs\Python\Python312\Scripts;C:\Users\MSI-PC\AppData\Local\Programs\Microsoft VS Code\bin;C:\Users\MSI-PC\AppData\Roaming\Composer\vendor\bin
USERNAME=MSI-PC
OS=Windows_NT
PROCESSOR_IDENTIFIER=AMD64 Family 25 Model 68 Stepping 1, AuthenticAMD
TMP=C:\Users\MSI-PC\AppData\Local\Temp
TEMP=C:\Users\MSI-PC\AppData\Local\Temp




Periodic native trim disabled

JNI global refs:
JNI global refs: 29, weak refs: 24

JNI global refs memory usage: 835, weak refs: 1913

Process memory usage:
Resident Set Size: 758552K (10% of 7556832K total physical memory with 464300K free physical memory)

OOME stack traces (most recent first):
Classloader memory used:
Loader org.gradle.internal.classloader.VisitableURLClassLoader$InstrumentingVisitableURLClassLoader: 58418K
Loader org.gradle.internal.classloader.VisitableURLClassLoader                         : 52206K
Loader bootstrap                                                                       : 34024K
Loader org.gradle.initialization.MixInLegacyTypesClassLoader                           : 14811K
Loader jdk.internal.reflect.DelegatingClassLoader                                      : 814K
Loader jdk.internal.loader.ClassLoaders$PlatformClassLoader                            : 439K
Loader org.gradle.internal.classloader.VisitableURLClassLoader                         : 250K
Loader jdk.internal.loader.ClassLoaders$AppClassLoader                                 : 238K
Loader org.gradle.groovy.scripts.internal.DefaultScriptCompilationHandler$ScriptClassLoader: 134K
Loader sun.reflect.misc.MethodUtil                                                     : 2984B

Classes loaded by more than one classloader:
Class Program                                                                         : loaded 5 times (x 72B)
Class Build_gradle                                                                    : loaded 3 times (x 126B)
Class com.google.common.collect.RegularImmutableMap$KeySet                            : loaded 2 times (x 152B)
Class org.gradle.internal.classloader.FilteringClassLoader                            : loaded 2 times (x 105B)
Class com.google.common.base.CharMatcher$IsEither                                     : loaded 2 times (x 111B)
Class ijKotlinCoroutineJvmDebugInit1_85pykvw1it3z6rf0zn7yepyby$_run_closure1$_closure2: loaded 2 times (x 139B)
Class org.gradle.internal.classloader.ClassLoaderHierarchy                            : loaded 2 times (x 70B)
Class com.google.common.collect.ImmutableEnumSet                                      : loaded 2 times (x 146B)
Class com.google.common.util.concurrent.ExecutionError                                : loaded 2 times (x 82B)
Class com.google.common.collect.ImmutableList$1                                       : loaded 2 times (x 97B)
Class org.gradle.api.internal.classpath.ManifestUtil                                  : loaded 2 times (x 71B)
Class com.google.common.io.ByteArrayDataOutput                                        : loaded 2 times (x 70B)
Class com.google.common.collect.RegularImmutableMap                                   : loaded 2 times (x 121B)
Class com.google.common.collect.ImmutableMap$MapViewOfValuesAsSingletonSets           : loaded 2 times (x 126B)
Class com.google.common.reflect.TypeCapture                                           : loaded 2 times (x 71B)
Class [Lorg.objectweb.asm.Symbol;                                                     : loaded 2 times (x 69B)
Class org.objectweb.asm.ClassVisitor                                                  : loaded 2 times (x 88B)
Class com.google.common.collect.UnmodifiableListIterator                              : loaded 2 times (x 95B)
Class com.google.common.base.Platform$JdkPatternCompiler                              : loaded 2 times (x 75B)
Class org.objectweb.asm.MethodTooLargeException                                       : loaded 2 times (x 83B)
Class [Lcom.google.common.cache.CacheBuilder$OneWeigher;                              : loaded 2 times (x 69B)
Class com.google.common.base.Suppliers                                                : loaded 2 times (x 71B)
Class org.gradle.internal.classloader.DefaultClassLoaderFactory                       : loaded 2 times (x 82B)
Class [Lcom.google.common.collect.AbstractIterator$State;                             : loaded 2 times (x 69B)
Class com.google.common.io.ByteSource$ConcatenatedByteSource                          : loaded 2 times (x 85B)
Class org.gradle.internal.classloader.ClassLoaderVisitor                              : loaded 2 times (x 76B)
Class [Lcom.google.common.collect.ImmutableMapEntry;                                  : loaded 2 times (x 69B)
Class org.gradle.api.internal.classpath.EffectiveClassPath                            : loaded 2 times (x 90B)
Class com.google.common.collect.CollectSpliterators$1WithCharacteristics              : loaded 2 times (x 90B)
Class com.google.common.collect.ImmutableRangeSet                                     : loaded 2 times (x 115B)
Class com.google.common.collect.ListMultimap                                          : loaded 2 times (x 70B)
Class com.google.common.collect.ImmutableEnumMap                                      : loaded 2 times (x 126B)
Class com.google.common.collect.ImmutableSet$SerializedForm                           : loaded 2 times (x 73B)
Class com.google.common.collect.Sets$1                                                : loaded 2 times (x 139B)
Class org.objectweb.asm.AnnotationVisitor                                             : loaded 2 times (x 78B)
Class org.gradle.api.internal.DefaultClassPathProvider                                : loaded 2 times (x 76B)
Class com.google.common.collect.Maps$ViewCachingAbstractMap                           : loaded 2 times (x 125B)
Class [Lcom.google.common.base.Function;                                              : loaded 2 times (x 69B)
Class com.google.common.collect.Sets$2                                                : loaded 2 times (x 139B)
Class [Lorg.gradle.api.internal.ClassPathProvider;                                    : loaded 2 times (x 69B)
Class org.gradle.api.internal.ClassPathProvider                                       : loaded 2 times (x 70B)
Class com.google.common.reflect.Types$ClassOwnership$1                                : loaded 2 times (x 80B)
Class [Lorg.objectweb.asm.AnnotationVisitor;                                          : loaded 2 times (x 69B)
Class com.google.common.collect.Sets$3                                                : loaded 2 times (x 139B)
Class com.google.common.cache.LocalCache$LocalLoadingCache                            : loaded 2 times (x 134B)
Class org.gradle.internal.service.UnknownServiceException                             : loaded 2 times (x 83B)
Class com.google.common.io.ByteArrayDataInput                                         : loaded 2 times (x 70B)
Class com.google.common.reflect.Types$ClassOwnership$2                                : loaded 2 times (x 80B)
Class com.google.common.reflect.TypeResolver                                          : loaded 2 times (x 72B)
Class com.google.common.collect.Sets$4                                                : loaded 2 times (x 139B)
Class org.objectweb.asm.ModuleVisitor                                                 : loaded 2 times (x 81B)
Class com.google.common.cache.LocalCache$Strength$1                                   : loaded 2 times (x 81B)
Class com.google.common.collect.Collections2$FilteredCollection                       : loaded 2 times (x 119B)
Class com.google.common.reflect.Types$ClassOwnership$3                                : loaded 2 times (x 71B)
Class com.google.common.util.concurrent.SettableFuture                                : loaded 2 times (x 114B)
Class com.google.common.cache.LocalCache$Strength$2                                   : loaded 2 times (x 81B)
Class com.google.common.collect.TransformedIterator                                   : loaded 2 times (x 80B)
Class [Lcom.google.common.collect.Maps$EntryFunction;                                 : loaded 2 times (x 69B)
Class com.google.common.io.ByteStreams                                                : loaded 2 times (x 71B)
Class com.google.common.cache.LocalCache$Strength$3                                   : loaded 2 times (x 81B)
Class com.google.common.collect.MapDifference                                         : loaded 2 times (x 70B)
Class com.google.common.reflect.Invokable                                             : loaded 2 times (x 103B)
Class org.objectweb.asm.FieldWriter                                                   : loaded 2 times (x 78B)
Class com.google.common.cache.CacheBuilder$NullListener                               : loaded 2 times (x 82B)
Class org.gradle.internal.classpath.TransformedClassPath                              : loaded 2 times (x 96B)
Class org.gradle.internal.classloader.InstrumentingClassLoader                        : loaded 2 times (x 70B)
Class com.google.common.collect.Maps$IteratorBasedAbstractMap$1                       : loaded 2 times (x 138B)
Class com.google.common.collect.ImmutableRangeSet$AsSet                               : loaded 2 times (x 300B)
Class com.google.common.reflect.Types$ParameterizedTypeImpl                           : loaded 2 times (x 81B)
Class com.google.common.cache.CacheLoader$FunctionToCacheLoader                       : loaded 2 times (x 75B)
Class com.google.common.collect.Iterators$ArrayItr                                    : loaded 2 times (x 97B)
Class com.google.common.collect.ImmutableCollection$Builder                           : loaded 2 times (x 76B)
Class com.google.common.collect.BaseImmutableMultimap                                 : loaded 2 times (x 123B)
Class com.google.common.reflect.TypeResolver$TypeVariableKey                          : loaded 2 times (x 72B)
Class com.google.common.base.Joiner                                                   : loaded 2 times (x 79B)
Class com.google.common.base.Equivalence$Identity                                     : loaded 2 times (x 82B)
Class com.google.common.collect.Platform                                              : loaded 2 times (x 71B)
Class [Lorg.objectweb.asm.Type;                                                       : loaded 2 times (x 69B)
Class com.google.common.collect.UnmodifiableIterator                                  : loaded 2 times (x 80B)
Class org.gradle.internal.service.ServiceLocator                                      : loaded 2 times (x 70B)
Class com.google.common.collect.HashBiMap$BiEntry                                     : loaded 2 times (x 83B)
Class com.google.common.base.Ascii                                                    : loaded 2 times (x 71B)
Class com.google.common.collect.SingletonImmutableBiMap                               : loaded 2 times (x 143B)
Class com.google.common.cache.LocalCache$1                                            : loaded 2 times (x 89B)
Class com.google.common.collect.Iterators$SingletonIterator                           : loaded 2 times (x 81B)
Class com.google.common.collect.AbstractMapEntry                                      : loaded 2 times (x 81B)
Class com.google.common.io.ByteSource$ByteArrayByteSource                             : loaded 2 times (x 85B)
Class com.google.common.reflect.TypeToken$SimpleTypeToken                             : loaded 2 times (x 73B)
Class com.google.common.collect.Sets$ImprovedAbstractSet                              : loaded 2 times (x 135B)
Class com.google.common.collect.ImmutableList$Builder                                 : loaded 2 times (x 77B)
Class com.google.common.collect.AbstractMultimap                                      : loaded 2 times (x 123B)
Class com.google.common.cache.LocalCache$2                                            : loaded 2 times (x 142B)
Class com.google.common.collect.ImmutableRangeSet$1                                   : loaded 2 times (x 210B)
Class com.google.common.collect.RegularImmutableAsList                                : loaded 2 times (x 217B)
Class com.google.common.collect.Range                                                 : loaded 2 times (x 87B)
Class com.google.common.base.Optional                                                 : loaded 2 times (x 80B)
Class com.google.common.util.concurrent.AbstractFuture$Trusted                        : loaded 2 times (x 70B)
Class com.google.common.collect.Iterators                                             : loaded 2 times (x 71B)
Class com.google.common.collect.Lists$StringAsImmutableList                           : loaded 2 times (x 207B)
Class com.google.common.util.concurrent.UncheckedExecutionException                   : loaded 2 times (x 82B)
Class org.gradle.kotlin.dsl.VersionCatalogAccessorsKt                                 : loaded 2 times (x 71B)
Class org.gradle.internal.InternalTransformer                                         : loaded 2 times (x 70B)
Class com.google.common.collect.AbstractMapBasedMultimap$KeySet$1                     : loaded 2 times (x 82B)
Class org.objectweb.asm.ClassWriter                                                   : loaded 2 times (x 106B)
Class com.google.common.cache.CacheLoader$UnsupportedLoadingOperationException        : loaded 2 times (x 82B)
Class com.google.common.base.CharMatcher$And                                          : loaded 2 times (x 112B)
Class org.gradle.internal.classloader.ClasspathUtil$1                                 : loaded 2 times (x 76B)
Class com.google.common.collect.FluentIterable$1                                      : loaded 2 times (x 81B)
Class com.google.common.base.Objects                                                  : loaded 2 times (x 71B)
Class org.objectweb.asm.FieldVisitor                                                  : loaded 2 times (x 77B)
Class com.google.common.collect.IndexedImmutableSet                                   : loaded 2 times (x 152B)
Class com.google.common.collect.ImmutableMap$1                                        : loaded 2 times (x 81B)
Class com.google.common.collect.BiMap                                                 : loaded 2 times (x 70B)
Class org.gradle.api.internal.classpath.DefaultModuleRegistry$DefaultModule           : loaded 2 times (x 86B)
Class com.google.common.collect.FluentIterable$2                                      : loaded 2 times (x 81B)
Class com.google.common.base.Absent                                                   : loaded 2 times (x 80B)
Class com.google.common.reflect.Reflection                                            : loaded 2 times (x 71B)
Class com.google.common.primitives.Ints                                               : loaded 2 times (x 71B)
Class com.google.common.collect.AbstractIterator                                      : loaded 2 times (x 82B)
Class ijJvmDebugger1_7ar34d9loady0s3gj5j5o6fzt$_run_closure1$_closure2                : loaded 2 times (x 140B)
Class com.google.common.collect.FluentIterable$3                                      : loaded 2 times (x 81B)
Class com.google.common.collect.ObjectArrays                                          : loaded 2 times (x 71B)
Class com.google.common.math.MathPreconditions                                        : loaded 2 times (x 71B)
Class com.google.common.collect.Multiset                                              : loaded 2 times (x 70B)
Class com.google.common.collect.ArrayListMultimapGwtSerializationDependencies         : loaded 2 times (x 172B)
Class com.google.common.collect.AbstractIndexedListIterator                           : loaded 2 times (x 96B)
Class com.google.common.collect.ImmutableMapEntrySet                                  : loaded 2 times (x 152B)
Class ijJvmDebugger1_7ar34d9loady0s3gj5j5o6fzt$_run_closure1                          : loaded 2 times (x 139B)
Class org.gradle.api.internal.classpath.Module                                        : loaded 2 times (x 70B)
Class com.google.common.cache.Weigher                                                 : loaded 2 times (x 70B)
Class org.gradle.api.internal.classpath.UnknownModuleException                        : loaded 2 times (x 82B)
Class com.google.common.base.Stopwatch                                                : loaded 2 times (x 72B)
Class com.google.common.cache.LocalCache$Strength                                     : loaded 2 times (x 81B)
Class com.google.common.cache.Cache                                                   : loaded 2 times (x 70B)
Class com.google.common.base.NullnessCasts                                            : loaded 2 times (x 71B)
Class com.google.common.util.concurrent.AbstractFuture$Cancellation                   : loaded 2 times (x 72B)
Class com.google.common.collect.ImmutableMap$Builder                                  : loaded 2 times (x 82B)
Class com.google.common.collect.Maps$EntryFunction$1                                  : loaded 2 times (x 91B)
Class com.google.common.base.Present                                                  : loaded 2 times (x 81B)
Class com.google.common.cache.RemovalListener                                         : loaded 2 times (x 70B)
Class org.gradle.api.internal.DefaultClassPathRegistry                                : loaded 2 times (x 76B)
Class com.google.common.collect.Maps$EntryFunction$2                                  : loaded 2 times (x 91B)
Class com.google.common.reflect.Invokable$ConstructorInvokable                        : loaded 2 times (x 107B)
Class com.google.common.primitives.IntsMethodsForWeb                                  : loaded 2 times (x 71B)
Class com.google.common.collect.Multimap                                              : loaded 2 times (x 70B)
Class org.gradle.api.internal.ClassPathRegistry                                       : loaded 2 times (x 70B)
Class org.gradle.internal.classpath.DefaultClassPath$ImmutableUniqueList              : loaded 2 times (x 199B)
Class com.google.common.base.ExtraObjectsMethodsForWeb                                : loaded 2 times (x 71B)
Class com.google.common.reflect.TypeToken                                             : loaded 2 times (x 73B)
Class com.google.common.base.MoreObjects                                              : loaded 2 times (x 71B)
Class com.google.common.io.ByteSink                                                   : loaded 2 times (x 76B)
Class com.google.common.cache.CacheBuilder                                            : loaded 2 times (x 72B)
Class com.google.common.collect.SingletonImmutableList                                : loaded 2 times (x 207B)
Class Settings_gradle$1                                                               : loaded 2 times (x 74B)
Class org.gradle.internal.classpath.ClassPath                                         : loaded 2 times (x 70B)
Class com.google.common.io.Files$FileByteSource                                       : loaded 2 times (x 85B)
Class [Lcom.google.common.reflect.Types$JavaVersion;                                  : loaded 2 times (x 69B)
Class com.google.common.base.JdkPattern                                               : loaded 2 times (x 75B)
Class com.google.common.collect.ImmutableList$ReverseImmutableList                    : loaded 2 times (x 209B)
Class org.objectweb.asm.SymbolTable$Entry                                             : loaded 2 times (x 74B)
Class org.objectweb.asm.Edge                                                          : loaded 2 times (x 72B)
Class com.google.common.base.Suppliers$SupplierOfInstance                             : loaded 2 times (x 79B)
Class com.google.common.collect.Iterators$1                                           : loaded 2 times (x 81B)
Class com.google.common.reflect.TypeToken$1                                           : loaded 2 times (x 110B)
Class com.google.common.cache.LocalCache$ComputingValueReference                      : loaded 2 times (x 96B)
Class com.google.common.collect.SingletonImmutableSet                                 : loaded 2 times (x 146B)
Class com.google.common.collect.ImmutableMap$IteratorBasedImmutableMap                : loaded 2 times (x 126B)
Class com.google.common.reflect.TypeToken$2                                           : loaded 2 times (x 110B)
Class com.google.common.cache.LocalCache$Segment                                      : loaded 2 times (x 154B)
Class [Lcom.google.common.base.Supplier;                                              : loaded 2 times (x 69B)
Class com.google.common.collect.SortedIterable                                        : loaded 2 times (x 70B)
Class com.google.common.collect.AbstractListMultimap                                  : loaded 2 times (x 172B)
Class [Lorg.objectweb.asm.SymbolTable$Entry;                                          : loaded 2 times (x 69B)
Class com.google.common.cache.CacheLoader                                             : loaded 2 times (x 74B)
Class com.google.common.collect.Iterators$4                                           : loaded 2 times (x 82B)
Class com.google.common.collect.ImmutableBiMap                                        : loaded 2 times (x 143B)
Class org.gradle.internal.installation.GradleInstallation$1                           : loaded 2 times (x 75B)
Class org.gradle.api.internal.classpath.ModuleRegistry                                : loaded 2 times (x 70B)
Class com.google.common.collect.ImmutableSet$JdkBackedSetBuilderImpl                  : loaded 2 times (x 76B)
Class com.google.common.util.concurrent.internal.InternalFutureFailureAccess          : loaded 2 times (x 72B)
Class com.google.common.collect.Iterators$5                                           : loaded 2 times (x 82B)
Class com.google.common.collect.Iterators$6                                           : loaded 2 times (x 81B)
Class com.google.common.collect.HashBiMap$Inverse                                     : loaded 2 times (x 142B)
Class com.google.common.cache.LocalCache$LocalManualCache$1                           : loaded 2 times (x 75B)
Class com.google.common.base.CharMatcher$ForPredicate                                 : loaded 2 times (x 112B)
Class com.google.common.base.CharMatcher$AnyOf                                        : loaded 2 times (x 112B)
Class com.google.common.collect.ImmutableCollection                                   : loaded 2 times (x 125B)
Class org.gradle.api.internal.classpath.DefaultModuleRegistry                         : loaded 2 times (x 86B)
Class com.google.common.collect.Lists                                                 : loaded 2 times (x 71B)
Class com.google.common.util.concurrent.ListenableFuture                              : loaded 2 times (x 70B)
Class com.google.common.cache.ReferenceEntry                                          : loaded 2 times (x 70B)
Class com.google.common.base.Converter                                                : loaded 2 times (x 90B)
Class com.google.common.collect.ImmutableSet$CachingAsList                            : loaded 2 times (x 148B)
Class com.google.common.collect.AbstractMapBasedMultimap                              : loaded 2 times (x 139B)
Class com.google.common.util.concurrent.AbstractFuture                                : loaded 2 times (x 106B)
Class com.google.common.base.FunctionalEquivalence                                    : loaded 2 times (x 83B)
Class com.google.common.collect.Iterators$9                                           : loaded 2 times (x 81B)
Class com.google.common.collect.ImmutableAsList                                       : loaded 2 times (x 209B)
Class ijKotlinCoroutineJvmDebugInit1_85pykvw1it3z6rf0zn7yepyby$_run_closure1          : loaded 2 times (x 139B)
Class com.google.common.reflect.TypeResolver$TypeTable                                : loaded 2 times (x 73B)
Class org.objectweb.asm.RecordComponentVisitor                                        : loaded 2 times (x 77B)
Class com.google.common.cache.CacheLoader$SupplierToCacheLoader                       : loaded 2 times (x 75B)
Class com.google.common.reflect.TypeResolver$TypeTable$1                              : loaded 2 times (x 73B)
Class com.google.common.collect.Maps$EntryTransformer                                 : loaded 2 times (x 70B)
Class org.gradle.internal.service.ServiceLookupException                              : loaded 2 times (x 82B)
Class com.google.common.collect.ImmutableSortedSet                                    : loaded 2 times (x 300B)
Class com.google.common.collect.Lists$ReverseList                                     : loaded 2 times (x 200B)
Class [Lcom.google.common.cache.LocalCache$EntryFactory;                              : loaded 2 times (x 69B)
Class org.gradle.internal.classloader.ClassLoaderFactory                              : loaded 2 times (x 70B)
Class com.google.common.collect.ImmutableMap$SerializedForm                           : loaded 2 times (x 73B)
Class com.google.common.base.CommonPattern                                            : loaded 2 times (x 74B)
Class com.google.common.cache.LocalCache$LocalManualCache                             : loaded 2 times (x 99B)
Class com.google.common.base.CharMatcher$IsNot                                        : loaded 2 times (x 111B)
Class org.gradle.internal.service.CachingServiceLocator                               : loaded 2 times (x 82B)
Class com.google.common.collect.RegularImmutableSortedSet                             : loaded 2 times (x 300B)
Class com.google.common.collect.AbstractMapBasedMultimap$KeySet                       : loaded 2 times (x 137B)
Class com.google.common.math.IntMath                                                  : loaded 2 times (x 71B)
Class [Lcom.google.common.collect.HashBiMap$BiEntry;                                  : loaded 2 times (x 69B)
Class com.google.common.reflect.Types$TypeVariableInvocationHandler                   : loaded 2 times (x 75B)
Class com.google.common.collect.ImmutableMapEntry                                     : loaded 2 times (x 85B)
Class com.google.common.base.Predicates                                               : loaded 2 times (x 71B)
Class com.google.common.collect.ImmutableMultimap                                     : loaded 2 times (x 147B)
Class com.google.common.base.Equivalence                                              : loaded 2 times (x 82B)
Class com.google.common.base.Function                                                 : loaded 2 times (x 70B)
Class com.google.common.collect.ImmutableMapEntry$NonTerminalImmutableMapEntry        : loaded 2 times (x 85B)
Class com.google.common.collect.IndexedImmutableSet$1                                 : loaded 2 times (x 213B)
Class com.google.common.cache.CacheBuilder$OneWeigher                                 : loaded 2 times (x 82B)
Class com.google.common.collect.RegularImmutableList                                  : loaded 2 times (x 213B)
Class com.google.common.collect.Maps$EntryFunction                                    : loaded 2 times (x 91B)
Class com.google.common.reflect.Types$ClassOwnership$1LocalClass                      : loaded 2 times (x 71B)
Class org.gradle.internal.classloader.ClasspathUtil                                   : loaded 2 times (x 71B)
Class com.google.common.util.concurrent.Uninterruptibles                              : loaded 2 times (x 71B)
Class com.google.common.io.CharSource                                                 : loaded 2 times (x 85B)
Class com.google.common.util.concurrent.LazyLogger                                    : loaded 2 times (x 72B)
Class com.google.common.collect.Maps                                                  : loaded 2 times (x 71B)
Class org.gradle.api.specs.Spec                                                       : loaded 2 times (x 70B)
Class com.google.common.reflect.Types$JavaVersion                                     : loaded 2 times (x 83B)
Class [Lcom.google.common.collect.ImmutableEntry;                                     : loaded 2 times (x 69B)
Class com.google.common.collect.Sets$3$1                                              : loaded 2 times (x 82B)
Class com.google.common.cache.LocalCache$LoadingValueReference                        : loaded 2 times (x 96B)
Class com.google.common.collect.CollectSpliterators                                   : loaded 2 times (x 71B)
Class com.google.common.reflect.Invokable$MethodInvokable                             : loaded 2 times (x 107B)
Class com.google.common.base.Platform                                                 : loaded 2 times (x 71B)
Class [Lorg.objectweb.asm.AnnotationWriter;                                           : loaded 2 times (x 69B)
Class com.google.common.collect.Maps$8                                                : loaded 2 times (x 82B)
Class com.google.common.base.Predicates$CompositionPredicate                          : loaded 2 times (x 88B)
Class com.google.common.collect.ImmutableRangeSet$Builder                             : loaded 2 times (x 77B)
Class com.google.common.collect.Lists$ReverseList$1                                   : loaded 2 times (x 99B)
Class com.google.common.collect.Sets$SetView                                          : loaded 2 times (x 138B)
Class com.google.common.cache.LocalCache$StrongValueReference                         : loaded 2 times (x 90B)
Class com.google.common.graph.SuccessorsFunction                                      : loaded 2 times (x 70B)
Class org.objectweb.asm.Type                                                          : loaded 2 times (x 72B)
Class org.gradle.internal.classloader.VisitableURLClassLoader$InstrumentingVisitableURLClassLoader: loaded 2 times (x 123B)
Class com.google.common.io.Files$FileByteSink                                         : loaded 2 times (x 77B)
Class com.google.common.math.IntMath$1                                                : loaded 2 times (x 71B)
Class org.objectweb.asm.ByteVector                                                    : loaded 2 times (x 79B)
Class [Lcom.google.common.cache.CacheBuilder$NullListener;                            : loaded 2 times (x 69B)
Class org.gradle.internal.classloader.VisitableURLClassLoader$Spec                    : loaded 2 times (x 74B)
Class org.gradle.internal.classpath.DefaultClassPath                                  : loaded 2 times (x 90B)
Class com.google.common.reflect.Types$ClassOwnership                                  : loaded 2 times (x 80B)
Class org.objectweb.asm.Symbol                                                        : loaded 2 times (x 73B)
Class com.google.common.collect.Sets$FilteredSet                                      : loaded 2 times (x 137B)
Class com.google.common.io.Closer                                                     : loaded 2 times (x 78B)
Class com.google.common.base.CharMatcher$BitSetMatcher                                : loaded 2 times (x 112B)
Class com.google.common.collect.RegularImmutableMap$Values                            : loaded 2 times (x 207B)
Class com.google.common.collect.ImmutableSet                                          : loaded 2 times (x 145B)
Class org.gradle.internal.classloader.ClassLoaderSpec                                 : loaded 2 times (x 71B)
Class com.google.common.io.ByteSource$EmptyByteSource                                 : loaded 2 times (x 85B)
Class org.objectweb.asm.AnnotationWriter                                              : loaded 2 times (x 79B)
Class com.google.common.cache.CacheStats                                              : loaded 2 times (x 71B)
Class com.google.common.io.LineProcessor                                              : loaded 2 times (x 70B)
Class com.google.common.io.Closer$Suppressor                                          : loaded 2 times (x 70B)
Class org.objectweb.asm.RecordComponentWriter                                         : loaded 2 times (x 78B)
Class com.google.common.util.concurrent.AbstractFuture$Listener                       : loaded 2 times (x 72B)
Class com.google.common.base.CharMatcher$Or                                           : loaded 2 times (x 112B)
Class Settings_gradle$1$1                                                             : loaded 2 times (x 74B)
Class org.objectweb.asm.Attribute                                                     : loaded 2 times (x 77B)
Class com.google.common.base.Supplier                                                 : loaded 2 times (x 70B)
Class org.gradle.internal.classloader.VisitableURLClassLoader                         : loaded 2 times (x 117B)
Class com.google.common.collect.ImmutableList$SerializedForm                          : loaded 2 times (x 73B)
Class Settings_gradle                                                                 : loaded 2 times (x 124B)
Class org.gradle.internal.Cast                                                        : loaded 2 times (x 71B)
Class org.gradle.api.Action                                                           : loaded 2 times (x 70B)
Class com.google.common.collect.HashBiMap                                             : loaded 2 times (x 143B)
Class com.google.common.base.Strings                                                  : loaded 2 times (x 71B)
Class com.google.common.collect.Sets                                                  : loaded 2 times (x 71B)
Class org.objectweb.asm.Handler                                                       : loaded 2 times (x 72B)
Class com.google.common.base.Ticker                                                   : loaded 2 times (x 72B)
Class com.google.common.base.CharMatcher$FastMatcher                                  : loaded 2 times (x 111B)
Class ijJvmDebugger1_7ar34d9loady0s3gj5j5o6fzt                                        : loaded 2 times (x 171B)
Class [Lcom.google.common.cache.LocalCache$Segment;                                   : loaded 2 times (x 69B)
Class [Lcom.google.common.cache.LocalCache$Strength;                                  : loaded 2 times (x 69B)
Class com.google.common.cache.CacheBuilder$1                                          : loaded 2 times (x 85B)
Class com.google.common.base.Predicate                                                : loaded 2 times (x 70B)
Class com.google.common.collect.ImmutableMap                                          : loaded 2 times (x 120B)
Class org.gradle.internal.classpath.DefaultClassPath$ImmutableUniqueList$Builder      : loaded 2 times (x 75B)
Class com.google.common.collect.AbstractRangeSet                                      : loaded 2 times (x 114B)
Class com.google.common.cache.LocalCache                                              : loaded 2 times (x 187B)
Class com.google.common.cache.CacheBuilder$2                                          : loaded 2 times (x 79B)
Class com.google.common.base.CharMatcher$NegatedFastMatcher                           : loaded 2 times (x 113B)
Class ijKotlinCoroutineJvmDebugInit1_85pykvw1it3z6rf0zn7yepyby                        : loaded 2 times (x 171B)
Class com.google.common.collect.ArrayListMultimap                                     : loaded 2 times (x 172B)
Class com.google.common.cache.CacheBuilder$3                                          : loaded 2 times (x 72B)
Class [Lcom.google.common.collect.AbstractMapEntry;                                   : loaded 2 times (x 69B)
Class com.google.common.collect.ImmutableEntry                                        : loaded 2 times (x 82B)
Class org.gradle.api.GradleException                                                  : loaded 2 times (x 82B)
Class com.google.common.base.Suppliers$MemoizingSupplier                              : loaded 2 times (x 79B)
Class com.google.common.collect.CollectPreconditions                                  : loaded 2 times (x 71B)
Class com.google.common.collect.Maps$AbstractFilteredMap                              : loaded 2 times (x 127B)
Class com.google.common.collect.SortedMapDifference                                   : loaded 2 times (x 70B)
Class com.google.common.io.Files                                                      : loaded 2 times (x 71B)
Class com.google.common.cache.LocalCache$EntryFactory                                 : loaded 2 times (x 83B)
Class com.google.common.collect.Iterables$5                                           : loaded 2 times (x 81B)
Class com.google.common.reflect.Types$NativeTypeVariableEquals                        : loaded 2 times (x 71B)
Class com.google.common.reflect.TypeParameter                                         : loaded 2 times (x 72B)
Class com.google.common.cache.LocalCache$AbstractReferenceEntry                       : loaded 2 times (x 107B)
Class org.gradle.internal.IoActions                                                   : loaded 2 times (x 71B)
Class com.google.common.collect.ImmutableRangeSet$ComplementRanges                    : loaded 2 times (x 207B)
Class org.objectweb.asm.SymbolTable                                                   : loaded 2 times (x 72B)
Class com.google.common.cache.CacheLoader$InvalidCacheLoadException                   : loaded 2 times (x 82B)
Class com.google.common.collect.ImmutableSet$RegularSetBuilderImpl                    : loaded 2 times (x 77B)
Class org.gradle.internal.classloader.SystemClassLoaderSpec                           : loaded 2 times (x 71B)
Class com.google.common.collect.FluentIterable                                        : loaded 2 times (x 81B)
Class com.google.common.cache.LocalCache$StrongEntry                                  : loaded 2 times (x 108B)
Class com.google.common.util.concurrent.AbstractFuture$TrustedFuture                  : loaded 2 times (x 114B)
Class com.google.common.cache.LoadingCache                                            : loaded 2 times (x 70B)
Class com.google.common.io.ByteStreams$LimitedInputStream                             : loaded 2 times (x 92B)
Class com.google.common.base.Suppliers$NonSerializableMemoizingSupplier               : loaded 2 times (x 79B)
Class org.objectweb.asm.MethodWriter                                                  : loaded 2 times (x 106B)
Class [Lcom.google.common.cache.Weigher;                                              : loaded 2 times (x 69B)
Class com.google.common.collect.RegularImmutableMap$BucketOverflowException           : loaded 2 times (x 82B)
Class com.google.common.collect.AbstractIterator$State                                : loaded 2 times (x 79B)
Class com.google.common.reflect.Types$JavaVersion$1                                   : loaded 2 times (x 83B)
Class com.google.common.collect.RegularImmutableBiMap                                 : loaded 2 times (x 149B)
Class com.google.common.cache.LocalCache$ValueReference                               : loaded 2 times (x 70B)
Class com.google.common.base.CharMatcher$Negated                                      : loaded 2 times (x 113B)
Class com.google.common.base.CharMatcher$Is                                           : loaded 2 times (x 111B)
Class com.google.common.reflect.Types$JavaVersion$2                                   : loaded 2 times (x 83B)
Class com.google.common.reflect.Types                                                 : loaded 2 times (x 71B)
Class com.google.common.hash.PrimitiveSink                                            : loaded 2 times (x 70B)
Class com.google.common.base.PatternCompiler                                          : loaded 2 times (x 70B)
Class com.google.common.util.concurrent.AbstractFuture$Failure                        : loaded 2 times (x 72B)
Class com.google.common.base.Equivalence$Equals                                       : loaded 2 times (x 82B)
Class com.google.common.collect.Hashing                                               : loaded 2 times (x 71B)
Class com.google.common.base.Preconditions                                            : loaded 2 times (x 71B)
Class com.google.common.collect.ImmutableSetMultimap                                  : loaded 2 times (x 180B)
Class com.google.common.reflect.Types$JavaVersion$3                                   : loaded 2 times (x 83B)
Class com.google.common.base.Joiner$1                                                 : loaded 2 times (x 80B)
Class org.objectweb.asm.Label                                                         : loaded 2 times (x 73B)
Class org.objectweb.asm.CurrentFrame                                                  : loaded 2 times (x 73B)
Class org.objectweb.asm.ClassTooLargeException                                        : loaded 2 times (x 83B)
Class com.google.common.base.CharMatcher                                              : loaded 2 times (x 111B)
Class com.google.common.collect.PeekingIterator                                       : loaded 2 times (x 70B)
Class com.google.common.collect.RangeGwtSerializationDependencies                     : loaded 2 times (x 71B)
Class com.google.common.io.ByteSource$AsCharSource                                    : loaded 2 times (x 86B)
Class com.google.common.collect.Maps$IteratorBasedAbstractMap                         : loaded 2 times (x 125B)
Class com.google.common.reflect.Types$JavaVersion$4                                   : loaded 2 times (x 83B)
Class com.google.common.base.Joiner$2                                                 : loaded 2 times (x 79B)
Class org.objectweb.asm.Frame                                                         : loaded 2 times (x 73B)
Class org.objectweb.asm.MethodVisitor                                                 : loaded 2 times (x 105B)
Class com.google.common.cache.LocalCache$EntryFactory$1                               : loaded 2 times (x 83B)
Class [Lcom.google.common.cache.RemovalListener;                                      : loaded 2 times (x 69B)
Class com.google.common.base.CharMatcher$1                                            : loaded 2 times (x 113B)
Class com.google.common.base.CharMatcher$NamedFastMatcher                             : loaded 2 times (x 112B)
Class com.google.common.collect.RangeSet                                              : loaded 2 times (x 70B)
Class com.google.common.reflect.Types$JavaVersion$5                                   : loaded 2 times (x 71B)
Class [Lcom.google.common.reflect.Types$ClassOwnership;                               : loaded 2 times (x 69B)
Class com.google.common.cache.LocalCache$EntryFactory$2                               : loaded 2 times (x 83B)
Class org.gradle.api.internal.classpath.GlobalCacheRootsProvider                      : loaded 2 times (x 70B)
Class com.google.common.collect.CollectCollectors                                     : loaded 2 times (x 71B)
Class org.objectweb.asm.ModuleWriter                                                  : loaded 2 times (x 82B)
Class com.google.common.cache.LocalCache$EntryFactory$3                               : loaded 2 times (x 83B)
Class com.google.common.base.Ticker$1                                                 : loaded 2 times (x 72B)
Class com.google.common.collect.Maps$BiMapConverter                                   : loaded 2 times (x 90B)
Class com.google.common.collect.ImmutableMapEntrySet$RegularEntrySet                  : loaded 2 times (x 152B)
Class com.google.common.collect.SetMultimap                                           : loaded 2 times (x 70B)
Class com.google.common.collect.ImmutableSet$Builder                                  : loaded 2 times (x 85B)
Class com.google.common.cache.LocalCache$EntryFactory$4                               : loaded 2 times (x 83B)
Class com.google.common.base.CharMatcher$InRange                                      : loaded 2 times (x 111B)
Class com.google.common.io.ByteStreams$1                                              : loaded 2 times (x 85B)
Class com.google.common.cache.LocalCache$EntryFactory$5                               : loaded 2 times (x 83B)
Class com.google.common.base.PairwiseEquivalence                                      : loaded 2 times (x 83B)
Class com.google.common.cache.LocalCache$EntryFactory$6                               : loaded 2 times (x 83B)
Class org.gradle.internal.installation.CurrentGradleInstallationLocator               : loaded 2 times (x 71B)
Class com.google.common.io.ByteSource$SlicedByteSource                                : loaded 2 times (x 85B)
Class com.google.common.collect.Maps$KeySet                                           : loaded 2 times (x 137B)
Class com.google.common.collect.ImmutableSet$EmptySetBuilderImpl                      : loaded 2 times (x 76B)
Class com.google.common.cache.LocalCache$EntryFactory$7                               : loaded 2 times (x 83B)
Class com.google.common.collect.ImmutableList                                         : loaded 2 times (x 206B)
Class org.gradle.internal.service.DefaultServiceLocator                               : loaded 2 times (x 83B)
Class com.google.common.collect.Maps$EntrySet                                         : loaded 2 times (x 136B)
Class com.google.common.cache.LocalCache$EntryFactory$8                               : loaded 2 times (x 83B)
Class com.google.common.collect.ImmutableSet$SetBuilderImpl                           : loaded 2 times (x 76B)
Class org.gradle.internal.installation.CurrentGradleInstallation                      : loaded 2 times (x 73B)
Class com.google.common.cache.CacheLoader$1                                           : loaded 2 times (x 75B)
Class com.google.common.collect.ForwardingObject                                      : loaded 2 times (x 72B)
Class com.google.common.collect.ImmutableList$SubList                                 : loaded 2 times (x 209B)
Class org.gradle.util.internal.GUtil                                                  : loaded 2 times (x 71B)
Class com.google.common.io.ByteSource                                                 : loaded 2 times (x 84B)
Class com.google.common.cache.AbstractCache$StatsCounter                              : loaded 2 times (x 70B)
Class com.google.common.reflect.Types$TypeVariableImpl                                : loaded 2 times (x 72B)
Class com.google.common.collect.Iterators$MergingIterator                             : loaded 2 times (x 81B)
Class com.google.common.collect.RegularImmutableSet                                   : loaded 2 times (x 149B)
Class org.gradle.internal.installation.GradleInstallation                             : loaded 2 times (x 75B)
Class com.google.common.collect.Iterables                                             : loaded 2 times (x 71B)
Class com.google.common.collect.Lists$RandomAccessReverseList                         : loaded 2 times (x 200B)

---------------  S Y S T E M  ---------------

OS:
 Windows 11 , 64 bit Build 26100 (10.0.26100.8328)
OS uptime: 11 days 4:58 hours
Hyper-V role detected

CPU: total 12 (initial active 12) (12 cores per cpu, 2 threads per core) family 25 model 68 stepping 1 microcode 0xa404107, cx8, cmov, fxsr, ht, mmx, 3dnowpref, sse, sse2, sse3, ssse3, sse4a, sse4.1, sse4.2, popcnt, lzcnt, tsc, tscinvbit, avx, avx2, aes, erms, clmul, bmi1, bmi2, adx, sha, fma, vzeroupper, clflush, clflushopt, hv, rdtscp, rdpid, fsrm, f16c, cet_ss
Processor Information for processor 0
  Max Mhz: 3301, Current Mhz: 2496, Mhz Limit: 3301
Processor Information for processor 1
  Max Mhz: 3301, Current Mhz: 2496, Mhz Limit: 3301
Processor Information for processor 2
  Max Mhz: 3301, Current Mhz: 2496, Mhz Limit: 3301
Processor Information for processor 3
  Max Mhz: 3301, Current Mhz: 2496, Mhz Limit: 3301
Processor Information for processor 4
  Max Mhz: 3301, Current Mhz: 2024, Mhz Limit: 3301
Processor Information for processor 5
  Max Mhz: 3301, Current Mhz: 2024, Mhz Limit: 3301
Processor Information for processor 6
  Max Mhz: 3301, Current Mhz: 2024, Mhz Limit: 3301
Processor Information for processor 7
  Max Mhz: 3301, Current Mhz: 2496, Mhz Limit: 3301
Processor Information for processor 8
  Max Mhz: 3301, Current Mhz: 2496, Mhz Limit: 3301
Processor Information for processor 9
  Max Mhz: 3301, Current Mhz: 2024, Mhz Limit: 3301
Processor Information for processor 10
  Max Mhz: 3301, Current Mhz: 2024, Mhz Limit: 3301
Processor Information for processor 11
  Max Mhz: 3301, Current Mhz: 2024, Mhz Limit: 3301

Memory: 4k page, system-wide physical 7379M (450M free)
TotalPageFile size 29865M (AvailPageFile size 201M)
current process WorkingSet (physical memory assigned to process): 761M, peak: 1477M
current process commit charge ("private bytes"): 1222M, peak: 2069M

vm_info: OpenJDK 64-Bit Server VM (21.0.10+-14961533-b1163.108) for windows-amd64 JRE (21.0.10+-14961533-b1163.108), built on 2026-03-02T19:58:50Z by "builder" with MS VC++ 16.10 / 16.11 (VS2019)

END.
